,feature,geometry.coordinates,name,station_id
0,Part of a city,"[10.734403, 59.932728]",Adamstuen,SN18390
1,Part of a city,"[11.063425, 60.806847]",Ajer,SN12320
2,Part of a city,"[10.725042, 59.909928]",Aker brygge,SN18670
3,Small town,"[9.251283, 59.395092]",Akkerhaugen,SN32060
4,Small town,"[5.44565, 59.424017]",Aksdal,SN47060
5,Small town,"[4.952639, 60.359464]",Algrøyna,SN50514
6,Small town,"[7.067503, 58.137675]",Alleen,SN41825
7,Part of a city,"[14.469256, 67.273756]",Alstad,SN82220
8,Small town,"[15.279714, 68.901875]",Alsvåg,SN86950
9,City or large town,"[23.271628, 69.968869]",Alta,SN93090
10,Small town,"[10.630708, 62.107678]",Alvdal,SN8880
11,Part of a city,"[10.923522, 59.249622]",Ambjørnrød,SN3050
12,Part of a city,"[10.871961, 59.963953]",Ammerud,SN18245
13,Small town,"[10.11415, 59.1069]",Amundrød,SN27785
14,Small town,"[16.119403, 69.31435]",Andenes,SN87105
15,Small town,"[18.515519, 69.065542]",Andselv,SN89350
16,Part of a city,"[7.976317, 58.112422]",Andøya,SN39210
17,Small town,"[17.380728, 68.421069]",Ankenes,SN84701
18,Part of a city,"[11.075525, 60.799883]",Ankerløkka,SN12320
19,Part of a city,"[10.941233, 59.212881]",Apenesfjellet,SN3019
20,City or large town,"[8.766947, 58.461214]",Arendal,SN36110
21,Part of a city,"[5.468236, 60.422031]",Arna,SN50830
22,Small town,"[11.0772, 60.078817]",Ask,SN4300
23,Small town,"[5.298964, 59.280989]",Askehagen,SN47250
24,Small town,"[10.479556, 59.87205]",Askenga,SN19670
25,Small town,"[10.437206, 59.833328]",Asker,SN19710
26,City or large town,"[11.163386, 59.583783]",Askim,SN3810
27,Small town,"[5.062242, 61.346731]",Askvoll,SN56420
28,Small town,"[11.506775, 64.065631]",Asphaugen,SN70740
29,Small town,"[7.953947, 58.121608]",Augland,SN39201
30,Part of a city,"[5.722289, 58.935336]",Auklend,SN44640
31,Small town,"[6.918044, 62.790994]",Aukrasanden,SN62510
32,Small town,"[9.414875, 60.924428]",Aurdal,SN22990
33,Small town,"[8.529125, 63.2679]",Aure,SN65145
34,Small town,"[7.187061, 60.905778]",Aurlandsvangen,SN53690
35,Small town,"[11.467914, 59.926875]",Aurskog,SN2650
36,Small town,"[11.442753, 59.927633]",Aursmoen,SN2560
37,Part of a city,"[5.7467, 58.992881]",Austbø,SN44660
38,Small town,"[5.385072, 59.702436]",Austra Mosterhamn,SN48069
39,Small town,"[9.552061, 60.822486]",Bagn,SN22810
40,Small town,"[6.536083, 61.209619]",Balestrand,SN55930
41,Small town,"[16.831433, 68.342886]",Ballangen,SN84060
42,Small town,"[13.545147, 68.074308]",Ballstad,SN85545
43,Small town,"[11.396881, 64.392319]",Bangsund,SN72200
44,Part of a city,"[8.774136, 58.462708]",Barbu,SN36110
45,Small town,"[7.672511, 62.894631]",Batnfjordsøra,SN62960
46,Part of a city,"[10.020833, 59.049444]",Batteritomta,SN30010
47,Small town,"[11.000875, 59.212717]",Begby,SN3015
48,Small town,"[17.595964, 68.376178]",Beisfjord,SN84500
49,Small town,"[8.906211, 61.248656]",Beitostølen,SN23550
50,Part of a city,"[10.771728, 59.883383]",Bekkelaget,SN18020
51,Small town,"[11.116169, 60.773825]",Bekkelaget,SN12210
52,Part of a city,"[11.049478, 60.810803]",Bekkesvea,SN12320
53,Part of a city,"[10.635194, 59.4372]",Bellevue,SN17251
54,Part of a city,"[10.737764, 59.947928]",Berg,SN18390
55,Small town,"[12.19775, 65.367497]",Berg,SN76260
56,City or large town,"[5.329072, 60.398258]",Bergen,SN50570
57,Part of a city,"[5.325608, 60.401231]",Bergenhus,SN50570
58,Part of a city,"[16.500025, 68.808308]",Bergseng,SN87640
59,Small town,"[11.077689, 61.891258]",Bergset,SN8800
60,Small town,"[10.009347, 62.828039]",Berkåk,SN66720
61,Small town,"[29.085933, 70.857792]",Berlevåg,SN98090
62,Small town,"[10.482297, 59.875478]",Billingstad,SN19670
63,Small town,"[10.611497, 60.955575]",Biri,SN11900
64,Small town,"[8.232306, 58.330814]",Birkeland,SN38320
65,Small town,"[8.266653, 61.884058]",Bismo,SN15660
66,Part of a city,"[5.744039, 58.946014]",Bispeladegård,SN44640
67,Small town,"[13.836222, 66.149078]",Bjerka,SN78370
68,Part of a city,"[18.920425, 69.632406]",Bjerkaker,SN90400
69,Small town,"[17.557094, 68.549167]",Bjerkvik,SN84770
70,Small town,"[10.485881, 59.792433]",Bjerkås,SN19670
71,Small town,"[5.179389, 60.322742]",Bjorøyna,SN50526
72,Part of a city,"[10.759192, 59.940508]",Bjølsen,SN18390
73,Small town,"[11.563958, 59.883572]",Bjørkelangen,SN2650
74,Part of a city,"[9.403869, 58.866794]",Bjørnebyen,SN34190
75,Small town,"[29.987217, 69.667447]",Bjørnevatn,SN99420
76,Part of a city,"[7.128083, 62.735872]",Bjørset,SN62295
77,Small town,"[15.955442, 69.272617]",Bleik,SN87120
78,Part of a city,"[10.723072, 59.940625]",Blindern,SN18701
79,Small town,"[15.38815, 68.599783]",Blokken,SN86500
80,City or large town,"[14.375128, 67.282669]",Bodø,SN82290
81,Small town,"[16.9928, 68.526464]",Bogen,SN84930
82,Part of a city,"[10.840311, 59.877078]",Bogerud,SN18170
83,Part of a city,"[11.056772, 60.802706]",Bondesvea,SN12320
84,Small town,"[10.447408, 59.832703]",Bondibråten,SN19710
85,Small town,"[16.171147, 68.772611]",Borkenes,SN87772
86,Small town,"[10.456456, 59.381889]",Borre,SN27162
87,Part of a city,"[23.235081, 69.960231]",Bossekop,SN93090
88,Small town,"[9.811122, 63.765311]",Botngård,SN71580
89,Part of a city,"[10.206947, 59.747269]",Bragernes,SN26862
90,Small town,"[10.504278, 60.422139]",Brandbu,SN20610
91,Small town,"[11.801972, 60.724697]",Braskereidfoss,SN6580
92,Part of a city,"[9.625367, 59.202731]",Bratsberg,SN30275
93,Small town,"[6.444264, 62.599908]",Brattvåg,SN61045
94,Part of a city,"[9.662308, 59.157303]",Breidablikk,SN30285
95,Part of a city,"[23.68315, 70.634258]",Breidablikk,SN94245
96,Part of a city,"[10.226, 59.144792]",Breidablikk,SN27600
97,Part of a city,"[18.973075, 69.673872]",Breivika,SN90495
98,Small town,"[22.287119, 70.588769]",Breivikbotn,SN92770
99,Small town,"[5.304989, 60.419811]",Breiviken,SN50570
100,Small town,"[11.865158, 62.648383]",Brekkebygd,SN10800
101,Small town,"[11.865158, 62.648383]",Brekken,SN10800
102,Small town,"[8.347844, 58.195181]",Brekkestø,SN38170
103,City or large town,"[9.665394, 63.686983]",Brekstad,SN71530
104,City or large town,"[9.695931, 59.055439]",Brevik,SN30248
105,Part of a city,"[10.716572, 59.92115]",Briskeby,SN18645
106,Part of a city,"[11.091372, 60.793486]",Briskebyen,SN12290
107,Part of a city,"[10.821339, 59.943383]",Brobekk,SN18225
108,Small town,"[10.435439, 59.228583]",Brua,SN27390
109,City or large town,"[10.944892, 60.883619]",Brumunddal,SN12340
110,Small town,"[8.483044, 59.434639]",Brunkeberg,SN32840
111,Small town,"[5.744633, 58.540631]",Brusand,SN43895
112,Small town,"[5.686189, 60.478564]",Bruvik,SN51010
113,City or large town,"[5.647681, 58.735364]",Bryne,SN44170
114,Part of a city,"[11.380775, 59.139964]",Brødløs,SN1230
115,City or large town,"[12.207458, 65.468136]",Brønnøysund,SN76330
116,Small town,"[6.914053, 62.907214]",Bud,SN62510
117,Small town,"[29.642308, 69.97295]",Bugøynes,SN98790
118,Part of a city,"[23.304042, 69.977658]",Bukta,SN93090
119,Part of a city,"[10.453253, 61.118464]",Busmoen,SN12648
120,Small town,"[10.184058, 63.312514]",Buvika,SN67150
121,Part of a city,"[9.243575, 58.725525]",Buvika,SN35345
122,Part of a city,"[23.716906, 70.659158]",Bybo,SN94245
123,Part of a city,"[10.950836, 59.212656]",Bydalen,SN3019
124,Part of a city,"[10.674314, 59.906953]",Bygdøy,SN18815
125,Small town,"[7.813114, 58.666125]",Byglandsfjord,SN39750
126,Small town,"[5.640675, 61.373847]",Bygstad,SN56780
127,Part of a city,"[5.702797, 58.975403]",Byhaugen,SN44620
128,Part of a city,"[10.136294, 63.376322]",Byneset,SN67020
129,Small town,"[7.819361, 63.108397]",Byskogen,SN64330
130,Part of a city,"[10.348419, 63.396569]",Byåsen,SN68125
131,Small town,"[10.200403, 60.183539]",Bålerud,SN20301
132,Part of a city,"[14.101792, 66.335397]",Båsmoen,SN79600
133,Small town,"[29.694792, 70.629236]",Båtsfjord,SN98340
134,Small town,"[9.069253, 59.412997]",Bø,SN32240
135,Part of a city,"[8.594094, 59.8788]",Bøen,SN31411
136,Part of a city,"[8.570494, 59.87975]",Bøhagen,SN31411
137,Part of a city,"[10.843753, 59.883433]",Bøler,SN18170
138,Small town,"[10.069186, 63.326742]",Børsa,SN67020
139,Part of a city,"[11.086714, 60.801544]",Børstad,SN12290
140,Small town,"[10.673222, 60.665139]",Bøverbru,SN11690
141,Part of a city,"[10.499875, 63.418031]",Charlottenlund,SN69020
142,Part of a city,"[10.947044, 59.206947]",Cicignon,SN3019
143,Small town,"[11.202753, 60.248394]",Dal,SN11125
144,Small town,"[7.801839, 63.124864]",Dale,SN64330
145,Small town,"[5.818878, 60.586392]",Dale,SN51090
146,Small town,"[5.400364, 61.363531]",Dale,SN56645
147,Small town,"[8.004919, 59.444994]",Dalen,SN33440
148,Part of a city,"[11.040797, 60.801886]",Dalsløkka,SN12320
149,Part of a city,"[10.945786, 59.213469]",Damyr,SN3019
150,Part of a city,"[13.199144, 65.827903]",Danieljordet,SN77205
151,Small town,"[11.422581, 59.353319]",Degernes,SN3290
152,Small town,"[10.380525, 59.805717]",Dikemark,SN19923
153,Part of a city,"[10.7937, 59.943753]",Disen,SN18420
154,Part of a city,"[11.097633, 60.797914]",Disen,SN12290
155,Small town,"[10.061808, 60.84]",Dokka,SN21680
156,Part of a city,"[9.625975, 59.194861]",Doktorstykket,SN30275
157,Part of a city,"[13.202636, 65.846706]",Dolstad,SN77205
158,Small town,"[9.127853, 62.075539]",Dombås,SN16560
159,Small town,"[9.255561, 61.9875]",Dovre,SN16400
160,Small town,"[16.079639, 68.044594]",Drag,SN83710
161,City or large town,"[10.204489, 59.743886]",Drammen,SN26862
162,Part of a city,"[6.670153, 58.311147]",Drangeid,SN42650
163,City or large town,"[10.629739, 59.663319]",Drøbak,SN17730
164,Small town,"[15.963953, 69.106389]",Dverberg,SN87120
165,Part of a city,"[10.654958, 59.674014]",Dyrløkke,SN17730
166,Small town,"[7.771558, 58.564247]",Dåsnes,SN39590
167,Part of a city,"[10.50105, 59.902475]",Dønski,SN19490
168,Part of a city,"[7.982569, 58.163958]",Eg,SN39165
169,Small town,"[5.765261, 58.963114]",Egeland,SN44640
170,City or large town,"[6.004167, 58.441667]",Egersund,SN43370
171,Small town,"[9.356861, 60.245825]",Eggedal,SN26350
172,Small town,"[7.4467, 62.917347]",Eide,SN62890
173,Small town,"[6.546011, 60.056839]",Eide,SN49220
174,Small town,"[7.071933, 60.467503]",Eidfjord,SN49631
175,Small town,"[7.171836, 62.262581]",Eidsdal,SN60650
176,Small town,"[5.801594, 60.734667]",Eidslandet,SN51090
177,Small town,"[11.261606, 60.330453]",Eidsvoll,SN11091
178,Small town,"[8.0655, 62.776556]",Eidsvåg,SN61870
179,Small town,"[5.310319, 60.436775]",Eidsvåg,SN50570
180,Small town,"[10.420319, 59.294017]",Eik,SN27270
181,Small town,"[5.398103, 60.605272]",Eikangervåg,SN52400
182,Small town,"[5.462242, 61.588033]",Eikefjord,SN57630
183,Small town,"[5.744331, 60.241753]",Eikelandsosen,SN50230
184,Small town,"[9.713697, 59.035386]",Eiksrønningen,SN30248
185,Small town,"[9.714025, 59.035142]",Eikstrand,SN30248
186,Small town,"[10.598631, 60.628639]",Eina,SN11690
187,Small town,"[5.074972, 60.981328]",Eivindvik,SN52820
188,Part of a city,"[10.769744, 59.896764]",Ekeberg,SN18162
189,Part of a city,"[10.393344, 63.421064]",Elgeseter,SN68173
190,Small town,"[7.137689, 62.854256]",Elnesvågen,SN62600
191,Part of a city,"[23.373575, 69.969447]",Elvebakken,SN93140
192,Part of a city,"[18.926739, 69.652478]",Elverhøy,SN90451
193,City or large town,"[11.566942, 60.881383]",Elverum,SN6600
194,City or large town,"[11.562314, 60.881914]",Elverum,SN6600
195,Part of a city,"[23.698156, 70.665125]",Elvetun,SN94245
196,Small town,"[11.1475, 59.761942]",Enebakk,SN4030
197,Part of a city,"[11.102692, 59.287536]",Enenda,SN3190
198,Small town,"[11.959367, 61.759039]",Engerdal,SN420
199,Part of a city,"[15.3692, 67.258781]",Erikstad,SN82085
200,Small town,"[6.217764, 59.340728]",Erøyna,SN46090
201,Small town,"[5.937083, 59.665283]",Etne,SN47501
202,Part of a city,"[10.794189, 59.909725]",Etterstad,SN18162
203,Small town,"[16.572125, 68.582808]",Evenskjer,SN87763
204,Small town,"[7.803625, 58.585694]",Evje,SN39590
205,Part of a city,"[10.513842, 59.899781]",Evje,SN19490
206,Small town,"[8.864369, 58.499794]",Eydehavn,SN36010
207,Part of a city,"[10.724147, 59.927625]",Fagerborg,SN18645
208,City or large town,"[9.232269, 60.985864]",Fagernes,SN23420
209,Part of a city,"[17.430936, 68.41185]",Fagernes,SN84701
210,Small town,"[10.594044, 59.737458]",Fagerstrand,SN17775
211,Part of a city,"[10.963206, 59.225181]",Falchåsen,SN3030
212,Part of a city,"[9.592831, 59.207625]",Falkum,SN30319
213,Small town,"[10.363456, 60.671753]",Fall,SN11790
214,Small town,"[13.581706, 66.290192]",Fallet,SN79110
215,Part of a city,"[5.345903, 60.263422]",Fana,SN50450
216,City or large town,"[6.804656, 58.094786]",Farsund,SN42010
217,City or large town,"[15.393328, 67.25945]",Fauske,SN82085
218,Small town,"[6.818908, 58.266367]",Feda,SN41990
219,Small town,"[4.714892, 60.778897]",Fedje,SN52535
220,Small town,"[11.157111, 59.924631]",Fetsund,SN4820
221,Small town,"[8.676014, 58.378203]",Fevik,SN36110
222,Small town,"[8.67645, 58.375872]",Fevik nedre,SN36110
223,Small town,"[8.676339, 58.380417]",Fevik øvre,SN36110
224,Small town,"[9.077903, 58.804986]",Fiane,SN35090
225,Small town,"[5.815472, 58.786631]",Figgjo,SN44190
226,Small town,"[8.969656, 63.606311]",Fillan,SN65650
227,Small town,"[10.614081, 59.572808]",Filtvet,SN19825
228,Small town,"[15.432206, 67.254856]",Finneid,SN82085
229,Small town,"[13.791947, 66.187769]",Finneidfjord,SN78370
230,Part of a city,"[5.660856, 58.995608]",Finnestad,SN44567
231,Small town,"[18.093947, 69.23455]",Finnfjordbotn,SN89010
232,City or large town,"[17.981044, 69.229611]",Finnsnes,SN88190
233,Part of a city,"[10.6465, 59.431428]",Fiske,SN17251
234,Part of a city,"[7.966486, 58.126614]",Fiskå,SN39210
235,Small town,"[5.316742, 59.918033]",Fitjar,SN48120
236,Small town,"[5.076347, 60.330389]",Fjell,SN50514
237,Part of a city,"[10.224939, 59.716425]",Fjell,SN26932
238,Small town,"[10.606908, 59.794144]",Fjellstrand,SN17780
239,Small town,"[10.327333, 59.228625]",Fjellvang,SN27450
240,Small town,"[10.328667, 59.228244]",Fjellvang,SN27450
241,Small town,"[17.628247, 69.508928]",Fjordgård,SN88630
242,Small town,"[11.153453, 59.829511]",Flateby,SN4030
243,Part of a city,"[10.346253, 63.380553]",Flatåsen,SN68120
244,City or large town,"[6.660269, 58.297139]",Flekkefjord,SN42650
245,Small town,"[5.274947, 59.282767]",Flesland,SN47240
246,Small town,"[12.010878, 60.613183]",Flisa,SN6020
247,City or large town,"[5.031475, 61.599942]",Flora,SN57710
248,Small town,"[5.238486, 60.420975]",Florvåg,SN52460
249,Part of a city,"[5.032856, 61.599572]",Florø,SN57710
250,Small town,"[10.301981, 63.197647]",Flå,SN67210
251,Small town,"[12.177744, 64.962772]",Foldereid,SN76080
252,Small town,"[6.033172, 62.118797]",Folkestad,SN59660
253,Small town,"[11.113803, 63.986278]",Follafoss,SN71040
254,Small town,"[9.996697, 62.132503]",Folldal,SN9160
255,Small town,"[10.284978, 61.215808]",Follebu,SN13030
256,Small town,"[5.172489, 60.745525]",Fonnebost,SN52415
257,Small town,"[5.179831, 60.760078]",Fonnebostsjøen,SN52415
258,Part of a city,"[18.942617, 69.659161]",Forhåpningen,SN90450
259,Small town,"[10.143842, 61.202125]",Forset,SN13060
260,Part of a city,"[5.7418, 58.889922]",Forus,SN44740
261,Small town,"[5.73415, 58.891886]",Forus,SN44710
262,City or large town,"[5.633975, 62.341944]",Fosnavåg,SN59595
263,Small town,"[8.568419, 61.837722]",Fossbergom,SN15050
264,Part of a city,"[10.396733, 63.387319]",Fossegrenda,SN68230
265,Small town,"[11.486572, 59.819836]",Fosser,SN2560
266,Small town,"[5.524061, 60.589636]",Fotlandsvåg,SN52390
267,Part of a city,"[17.395172, 68.435494]",Framnes,SN84701
268,Part of a city,"[10.636358, 59.426947]",Framnes,SN17251
269,City or large town,"[10.929817, 59.218097]",Fredrikstad,SN3050
270,Small town,"[13.166686, 68.084056]",Fredvang,SN85630
271,Small town,"[5.242517, 60.513206]",Frekhaug,SN52450
272,Small town,"[11.102836, 60.024628]",Frogner,SN4150
273,Part of a city,"[10.704697, 59.922636]",Frogner,SN18690
274,Part of a city,"[9.621769, 59.210006]",Frogner,SN30301
275,Part of a city,"[10.933681, 59.221556]",Frydenberg,SN3019
276,Part of a city,"[17.417056, 68.438017]",Frydenlund,SN84701
277,Part of a city,"[17.409894, 68.441039]",Frydenlund,SN84701
278,Small town,"[7.455831, 58.037242]",Frøysland,SN41090
279,Part of a city,"[7.200517, 62.744233]",Fuglset,SN62295
280,Part of a city,"[11.026333, 60.809697]",Furuberget,SN12320
281,Part of a city,"[10.890956, 59.942206]",Furuset,SN18240
282,Part of a city,"[5.296817, 60.3616]",Fyllingsdalen,SN50507
283,Small town,"[8.092103, 59.183428]",Fyresdal,SN37760
284,Small town,"[10.404794, 61.168361]",Fåberg,SN13110
285,Small town,"[10.194647, 61.455356]",Fåvang,SN13140
286,City or large town,"[5.857175, 61.452169]",Førde,SN57150
287,Small town,"[5.439381, 59.231094]",Føresvik,SN47070
288,Small town,"[5.384481, 59.424294]",Førre,SN47065
289,Part of a city,"[5.064681, 61.599658]",Gaddevåg,SN57725
290,Small town,"[8.348011, 61.720825]",Galdbygde,SN15270
291,Part of a city,"[10.7798, 59.907217]",Galgeberg,SN18162
292,Part of a city,"[10.771772, 59.902356]",Gamlebyen,SN18310
293,Part of a city,"[10.952994, 59.2032]",Gamlebyen,SN3019
294,Small town,"[28.246483, 71.063856]",Gamvik,SN96400
295,Small town,"[5.717239, 58.823014]",Ganddal,SN44740
296,Part of a city,"[16.560964, 68.788231]",Gansås,SN87640
297,Small town,"[5.471881, 60.444578]",Garnes,SN50830
298,Small town,"[11.344, 60.685039]",Gata,SN12050
299,Small town,"[7.294578, 61.404717]",Gaupne,SN55520
300,Part of a city,"[5.729878, 58.903281]",Gausel,SN44710
301,Small town,"[8.205389, 60.533692]",Geilo,SN25630
302,Small town,"[7.207194, 62.101864]",Geiranger,SN60310
303,Small town,"[9.9679, 59.932108]",Geithus,SN26500
304,Small town,"[18.075256, 69.355094]",Gibostad,SN89010
305,Part of a city,"[18.989667, 69.685625]",Gimle,SN90495
306,Small town,"[6.050194, 62.503792]",Giske,SN60980
307,Small town,"[10.933, 59.987081]",Gjelleråsen,SN18280
308,Small town,"[5.914989, 60.060061]",Gjermundshamn,SN50150
309,Small town,"[25.376078, 71.098319]",Gjesvær,SN94640
310,Small town,"[9.123886, 58.647881]",Gjeving,SN35860
311,City or large town,"[10.69155, 60.795742]",Gjøvik,SN11650
312,Small town,"[11.962175, 65.676828]",Gladstad,SN76450
313,Part of a city,"[10.946744, 59.217381]",Glemmen,SN3019
314,Part of a city,"[11.115569, 59.286222]",Gleng,SN3190
315,Small town,"[13.944042, 66.816631]",Glomfjord,SN80705
316,Part of a city,"[12.011478, 60.203047]",Glåmlia,SN5590
317,Part of a city,"[5.72165, 58.895694]",Godeset,SN44710
318,Small town,"[8.945506, 60.701419]",Gol,SN24960
319,Part of a city,"[7.733247, 63.123944]",Gomalandet,SN64320
320,Small town,"[10.572819, 60.359158]",Gran,SN20540
321,Small town,"[6.719314, 60.524067]",Granvin,SN49935
322,Part of a city,"[23.708097, 70.657089]",Gratishaugen,SN94245
323,Small town,"[7.994614, 58.140717]",Gravane,SN39200
324,Small town,"[13.553389, 68.118325]",Gravdal,SN85545
325,Small town,"[5.261614, 60.389133]",Gravdal,SN50527
326,Part of a city,"[10.786694, 59.952336]",Grefsen,SN18420
327,Small town,"[10.906389, 59.218247]",Gressvik,SN3050
328,Small town,"[11.034967, 59.265983]",Greåker,SN3120
329,City or large town,"[8.593369, 58.340464]",Grimstad,SN38140
330,Part of a city,"[10.693667, 59.449497]",Grindvoll,SN17251
331,Small town,"[12.316011, 64.464589]",Grong,SN73090
332,Part of a city,"[10.881408, 59.960253]",Grorud,SN18245
333,Small town,"[17.120792, 68.676439]",Grov,SN87820
334,Small town,"[10.662217, 60.257008]",Grua,SN20500
335,Small town,"[17.052864, 69.362978]",Gryllefjord,SN88500
336,Part of a city,"[9.618422, 59.191414]",Gråten,SN30293
337,Part of a city,"[9.608278, 59.182058]",Gråtenmoen,SN30282
338,Part of a city,"[10.762814, 59.912178]",Grønland,SN18315
339,Part of a city,"[10.757889, 59.923856]",Grünerløkka,SN18317
340,Small town,"[8.754869, 58.450539]",Guldsmedenga,SN36110
341,Small town,"[10.249522, 59.502856]",Gullhaug,SN27065
342,Small town,"[10.44995, 59.811606]",Gullhella,SN19710
343,Part of a city,"[11.466317, 64.475192]",Gullvika,SN72580
344,Small town,"[9.566894, 59.215903]",Gulset,SN30410
345,Small town,"[9.172397, 59.387667]",Gvarv,SN32061
346,Small town,"[5.312933, 60.379869]",Gyldenpris,SN50539
347,Part of a city,"[6.250725, 62.466461]",Gåseid,SN60945
348,Small town,"[5.868869, 62.282086]",Haddal,SN59650
349,Part of a city,"[16.531775, 68.818319]",Hagan,SN87640
350,Small town,"[10.919094, 59.998672]",Hagan,SN18280
351,City or large town,"[11.387381, 59.124597]",Halden,SN1230
352,Small town,"[10.184511, 60.271425]",Hallingby,SN22220
353,Part of a city,"[13.197611, 65.859497]",Hals,SN77205
354,Small town,"[7.451708, 58.033061]",Halse,SN41090
355,City or large town,"[11.067953, 60.794506]",Hamar,SN12320
356,City or large town,"[23.682061, 70.663358]",Hammerfest,SN94255
357,Part of a city,"[18.972633, 69.699514]",Hamna,SN90495
358,Small town,"[17.171789, 68.779269]",Hamnvik,SN87820
359,Part of a city,"[11.054222, 59.272508]",Hannestad,SN3120
360,Part of a city,"[7.960617, 58.134536]",Hannevika,SN39210
361,Small town,"[19.627517, 69.967011]",Hansnes,SN90640
362,Small town,"[4.841131, 61.075631]",Hardbakke,SN56390
363,Small town,"[6.029022, 62.370414]",Hareid,SN59764
364,Small town,"[10.718956, 60.1944]",Harestua,SN4543
365,City or large town,"[16.544144, 68.801117]",Harstad,SN87640
366,Part of a city,"[10.782353, 59.924822]",Hasle,SN18205
367,Part of a city,"[10.964033, 59.231644]",Hassingen,SN3030
368,Small town,"[22.161097, 70.486406]",Hasvik,SN92755
369,Part of a city,"[6.280042, 62.461136]",Hatlane,SN60945
370,Small town,"[13.987906, 65.597361]",Hattfjelldal,SN78800
371,Small town,"[6.281942, 58.339958]",Hauge,SN43210
372,Small town,"[6.281214, 58.343614]",Hauge i Dalane,SN43210
373,City or large town,"[5.268028, 59.413778]",Haugesund,SN47262
374,Part of a city,"[14.057983, 66.286742]",Hauknes,SN79220
375,Small town,"[5.495014, 60.453164]",Haus,SN50830
376,Small town,"[24.662042, 70.996336]",Havøysund,SN94430
377,Small town,"[10.448111, 59.791786]",Heggedal,SN19710
378,Small town,"[18.503572, 69.046158]",Heggelia,SN89350
379,Part of a city,"[10.356508, 63.351269]",Heimdal,SN68120
380,Part of a city,"[6.118806, 62.457017]",Heissa,SN60951
381,Part of a city,"[9.688111, 59.077778]",Heistad,SN30248
382,Small town,"[9.862803, 58.993883]",Helgeroa,SN30245
383,Small town,"[8.412053, 58.269783]",Helldal,SN38170
384,Part of a city,"[7.932958, 58.146244]",Hellemyr,SN39212
385,Part of a city,"[10.849547, 59.913531]",Hellerud,SN18180
386,Small town,"[5.363386, 60.582536]",Hellesvåg,SN52400
387,Small town,"[6.867692, 62.085489]",Hellesylt,SN60247
388,Small town,"[11.455242, 59.72085]",Hemnes,SN2560
389,Small town,"[13.616428, 66.224889]",Hemnesberget,SN79110
390,Small town,"[10.231019, 60.216314]",Hen,SN20290
391,Small town,"[14.200792, 68.1529]",Henningsvær,SN85480
392,Small town,"[6.851756, 61.183014]",Hermansverk,SN55770
393,Small town,"[9.561947, 59.103506]",Herre,SN30280
394,Small town,"[12.2885, 65.983206]",Herøyholmen,SN76750
395,Small town,"[6.538158, 60.066269]",Hetleflot,SN49220
396,Small town,"[5.231744, 60.360047]",Hetlevik,SN50527
397,Small town,"[5.203344, 60.334656]",Hilleren,SN50526
398,Part of a city,"[5.744675, 58.944619]",Hillevåg,SN44640
399,Part of a city,"[5.742892, 58.948953]",Hillevåg,SN44640
400,Part of a city,"[5.723633, 58.922625]",Hinna,SN44640
401,Part of a city,"[5.723753, 58.922647]",Hinna,SN44640
402,Small town,"[8.743428, 58.431394]",His,SN36110
403,Part of a city,"[9.605864, 59.204781]",Hjellen,SN30293
404,Small town,"[5.363372, 60.592394]",Hjelmås,SN52400
405,Small town,"[7.492772, 62.7805]",Hjelset,SN62200
406,Small town,"[10.440492, 59.222472]",Hjemseng,SN27403
407,Small town,"[6.071753, 62.352736]",Hjørungavåg,SN59764
408,Small town,"[10.365983, 59.273556]",Hogsnes,SN27285
409,City or large town,"[9.910808, 59.768614]",Hokksund,SN26810
410,City or large town,"[9.909867, 59.770767]",Hokksund,SN26810
411,Part of a city,"[11.045656, 60.813411]",Hol,SN12320
412,Small town,"[8.293986, 60.615106]",Hol,SN25580
413,Small town,"[11.912517, 65.705236]",Holand,SN76450
414,Part of a city,"[10.930253, 59.216997]",Holmen,SN3019
415,Small town,"[10.491469, 59.855742]",Holmen,SN19670
416,City or large town,"[10.317583, 59.487611]",Holmestrand,SN27090
417,Part of a city,"[10.789989, 59.837039]",Holmlia,SN17980
418,Small town,"[10.427836, 59.560189]",Holmsbu,SN26980
419,Small town,"[15.147317, 68.722269]",Holmstad,SN86990
420,Part of a city,"[11.077158, 60.796186]",Holset,SN12290
421,Small town,"[5.079514, 61.929386]",Holvika,SN59210
422,Small town,"[12.551931, 65.407367]",Hommelstø,SN76470
423,Small town,"[10.79425, 63.410833]",Hommelvik,SN69050
424,City or large town,"[25.976792, 70.978872]",Honningsvåg,SN94710
425,Small town,"[8.014367, 63.465394]",Hopen,SN65370
426,Part of a city,"[10.630086, 59.433233]",Hopperen,SN17280
427,City or large town,"[10.483436, 59.417214]",Horten,SN27160
428,Small town,"[10.351931, 60.6987]",Hov,SN11790
429,Part of a city,"[9.668117, 59.146667]",Hovenga,SN30270
430,Part of a city,"[10.650969, 59.951006]",Hovseter,SN18920
431,Small town,"[9.940722, 61.555267]",Hundorp,SN13510
432,Small town,"[11.762617, 64.463594]",Hunn,SN72650
433,Part of a city,"[10.640636, 60.784225]",Hunndalen,SN11650
434,Part of a city,"[14.508269, 67.276222]",Hunstadmoen,SN82220
435,Part of a city,"[5.721467, 58.997814]",Husebø,SN44660
436,Small town,"[5.745333, 59.863772]",Husnes,SN48450
437,Small town,"[10.473675, 59.252036]",Husvik,SN27400
438,Small town,"[17.663678, 69.544114]",Husøy,SN88640
439,Small town,"[10.65545, 59.598628]",Hvitsten,SN19815
440,Small town,"[10.011728, 59.485719]",Hvittingfoss,SN26760
441,Small town,"[5.296056, 61.171122]",Hyllestad,SN56410
442,Small town,"[5.998611, 59.6718]",Håfoss,SN47498
443,Small town,"[10.4946, 59.802925]",Håkavik,SN19670
444,Small town,"[6.2397, 59.348292]",Hålandsosen,SN46090
445,Part of a city,"[8.090361, 58.177167]",Hånes,SN39030
446,Part of a city,"[18.937567, 69.678508]",Håpet,SN90493
447,Small town,"[10.441208, 59.199828]",Hårkollen,SN27403
448,Small town,"[10.739189, 59.539836]",Hølen,SN17550
449,Small town,"[7.808581, 58.078717]",Høllen,SN39950
450,City or large town,"[10.256481, 60.168042]",Hønefoss,SN20290
451,Small town,"[10.567964, 59.893197]",Høvik verk,SN19430
452,Small town,"[8.245897, 58.171236]",Høvåg,SN38250
453,Small town,"[6.084706, 61.223475]",Høyanger,SN56010
454,Part of a city,"[10.912311, 59.945175]",Høybråten,SN18269
455,Part of a city,"[10.3687, 63.430208]",Ila,SN68125
456,Part of a city,"[10.749731, 59.930672]",Ila,SN18317
457,Small town,"[11.227247, 60.7757]",Ilseng,SN12180
458,Small town,"[5.770333, 60.387911]",Indra Haga,SN50240
459,Small town,"[5.470894, 60.417722]",Indre Arna,SN50830
460,Small town,"[7.234883, 62.749369]",Indre Fanbostad,SN62290
461,Small town,"[6.259725, 62.466506]",Indre Gåseid,SN60945
462,Small town,"[6.277539, 62.459372]",Indre Hatlen,SN60945
463,Small town,"[4.978564, 61.840311]",Indre Hauge,SN59210
464,Part of a city,"[5.693317, 58.986336]",Indre Tasta,SN44620
465,Part of a city,"[29.731056, 70.075842]",Indrebyen,SN98790
466,Small town,"[6.089967, 62.184383]",Indrehovden,SN59680
467,Part of a city,"[8.610853, 59.879886]",Ingolfsland,SN31411
468,Small town,"[12.263697, 61.314853]",Innbygda,SN180
469,Small town,"[14.026631, 67.033528]",Inndyr,SN80790
470,Part of a city,"[7.737828, 63.107011]",Innlandet,SN64320
471,Small town,"[6.615081, 61.852256]",Innvik,SN58390
472,Small town,"[5.269369, 60.555331]",Isdalstø,SN52410
473,Small town,"[11.308514, 59.114478]",Isebakke,SN2980
474,Small town,"[7.792306, 62.577775]",Isfjorden,SN61790
475,Small town,"[-22.65265, 70.436519]",Ittoqqortoormiit,SN76900
476,Small town,"[10.561764, 60.392569]",Jaren,SN20560
477,Part of a city,"[14.479656, 67.274906]",Jensvoll,SN82220
478,City or large town,"[11.175156, 60.141503]",Jessheim,SN4725
479,Small town,"[10.387086, 60.239792]",Jevnaker,SN20330
480,Small town,"[6.252428, 60.275864]",Jondal,SN49040
481,Small town,"[5.876172, 59.172042]",Judaberg,SN45850
482,Part of a city,"[5.710628, 58.912617]",Jåtten,SN44562
483,Part of a city,"[11.038881, 60.802592]",Jønsrudløkka,SN12320
484,City or large town,"[6.040825, 59.022503]",Jørpeland,SN45460
485,Small town,"[10.384575, 61.145583]",Jørstadmoen,SN13110
486,Small town,"[14.475544, 68.210664]",Kabelvåg,SN85470
487,Small town,"[18.740089, 69.682078]",Kaldfjord,SN90491
488,Part of a city,"[9.391664, 58.869817]",Kalstad,SN34190
489,Small town,"[4.875281, 61.766267]",Kalvåg,SN57725
490,Small town,"[10.695781, 59.482919]",Kambo,SN17251
491,Part of a city,"[10.780333, 59.912678]",Kampen,SN18310
492,Part of a city,"[9.234089, 58.719472]",Kamperhaug,SN35345
493,Small town,"[25.905406, 71.048656]",Kamøyvær,SN94680
494,Part of a city,"[16.552267, 68.772469]",Kanebogen,SN87640
495,Part of a city,"[10.955842, 59.212231]",Kapelfjellet,SN3019
496,Small town,"[10.857678, 60.714275]",Kapp,SN11500
497,Small town,"[25.511125, 69.471878]",Karasjok,SN97251
498,Part of a city,"[10.928206, 59.937633]",Karihaugen,SN18260
499,Part of a city,"[7.709297, 63.128269]",Karihola,SN64300
500,Small town,"[10.872356, 59.351728]",Karlshus,SN17090
501,Small town,"[16.345153, 68.835633]",Kasfjord,SN87640
502,Small town,"[7.242519, 61.184528]",Kaupanger,SN55705
503,Small town,"[23.041014, 69.012433]",Kautokeino,SN93700
504,Part of a city,"[10.782728, 59.921847]",Keyserløkka,SN18205
505,Small town,"[30.997267, 70.285367]",Kiberg,SN98590
506,Small town,"[16.535428, 68.717986]",Kilbotn,SN87640
507,Small town,"[8.976922, 58.553222]",Kilsund,SN35951
508,Small town,"[6.719483, 60.375672]",Kinsarvik,SN49540
509,Small town,"[10.392811, 59.115669]",Kirkebygda,SN27420
510,Small town,"[10.874322, 59.4921]",Kirkebygda,SN17400
511,Small town,"[6.538506, 58.231972]",Kirkehamn,SN42650
512,City or large town,"[30.045108, 69.727078]",Kirkenes,SN99410
513,Small town,"[12.058553, 60.457897]",Kirkenær,SN5700
514,Part of a city,"[7.706572, 63.116422]",Kirklandet,SN64300
515,Small town,"[11.047731, 59.973747]",Kjeller,SN4200
516,Part of a city,"[10.783833, 59.962919]",Kjelsås,SN18440
517,Small town,"[7.658475, 63.079586]",Kjerkevågen,SN64150
518,Small town,"[27.346333, 70.945742]",Kjøllefjord,SN96270
519,Small town,"[11.023, 59.241108]",Kjølstadløkka,SN3120
520,Small town,"[16.373681, 68.096103]",Kjøpsvik,SN83960
521,Small town,"[14.671586, 68.695722]",Klakksjorda,SN86800
522,Part of a city,"[10.8385, 59.838869]",Klemetsrud,SN17980
523,Small town,"[5.677283, 58.7728]",Klepp,SN44300
524,Small town,"[5.629364, 58.774233]",Kleppe,SN44300
525,Part of a city,"[11.531386, 64.476017]",Kleppen,SN72580
526,Small town,"[5.227628, 60.408436]",Kleppestø,SN52460
527,Small town,"[5.150931, 60.224744]",Klokkarvik,SN50510
528,Part of a city,"[11.087567, 59.292836]",Klokkerød,SN3190
529,Part of a city,"[10.673406, 59.430367]",Klommesten,SN17251
530,Small town,"[10.482603, 63.297617]",Klæbu,SN68270
531,Small town,"[11.13805, 60.074067]",Kløfta,SN4725
532,Small town,"[5.056017, 60.379058]",Knappskog,SN50514
533,Part of a city,"[11.393675, 59.114131]",Knardal,SN1230
534,Small town,"[10.45355, 59.208425]",Knarrberg,SN27403
535,Small town,"[5.153197, 60.370742]",Knarrvika,SN50525
536,Small town,"[5.282078, 60.545297]",Knarvik,SN52410
537,Small town,"[10.137914, 59.214486]",Kodal,SN27730
538,Small town,"[5.202144, 60.041886]",Kolbeinsvik,SN50175
539,Small town,"[8.769475, 58.451814]",Kolbjørnsvik,SN36110
540,Small town,"[10.803892, 59.810561]",Kolbotn,SN17890
541,Small town,"[10.744894, 60.650331]",Kolbu,SN11710
542,City or large town,"[11.604647, 64.865494]",Kolvereid,SN75130
543,City or large town,"[9.650158, 59.668553]",Kongsberg,SN28380
544,Small town,"[29.319086, 70.720533]",Kongsfjord,SN98092
545,Part of a city,"[10.954897, 59.198781]",Kongsten,SN3019
546,City or large town,"[11.997719, 60.190483]",Kongsvinger,SN5590
547,Small town,"[10.144461, 59.721725]",Konnerud,SN27015
548,City or large town,"[5.301667, 59.280139]",Kopervik,SN47250
549,Small town,"[11.046586, 61.572194]",Koppang,SN8230
550,Part of a city,"[10.677517, 60.775011]",Kopperud,SN11650
551,Small town,"[11.847522, 63.392758]",Kopperå,SN69380
552,Small town,"[13.821597, 66.076622]",Korgen,SN78395
553,Small town,"[11.659867, 58.94145]",Kornsjø,SN1135
554,Part of a city,"[14.398658, 67.287233]",Kortneset,SN82310
555,City or large town,"[9.414933, 58.869303]",Kragerø,SN34190
556,Part of a city,"[10.6864, 59.432867]",Krapfoss,SN17251
557,Part of a city,"[7.143189, 62.742614]",Kringsjå,SN62295
558,Part of a city,"[10.735939, 59.962828]",Kringsjå,SN18390
559,Part of a city,"[5.741889, 58.940253]",Kristianlyst,SN44640
560,City or large town,"[7.995733, 58.14615]",Kristiansand,SN39200
561,Small town,"[5.750197, 58.938442]",Kristianslyst,SN44640
562,City or large town,"[7.727947, 63.110453]",Kristiansund,SN64320
563,Part of a city,"[19.069647, 69.683942]",Kroken,SN90510
564,Small town,"[10.005894, 59.758167]",Krokstadelva,SN26840
565,Small town,"[5.343994, 60.377161]",Kronstad,SN50485
566,Part of a city,"[23.382361, 69.963639]",Kronstad,SN93140
567,Part of a city,"[10.646372, 59.4444]",Krossern,SN17251
568,Small town,"[5.320842, 60.331689]",Kråkenes,SN50507
569,Small town,"[10.883594, 59.681331]",Kråkstad,SN17875
570,Small town,"[9.783889, 60.124778]",Krøderen,SN24580
571,Part of a city,"[5.254508, 59.434728]",Kvala,SN47262
572,Small town,"[23.979975, 70.502744]",Kvalsund,SN94150
573,Small town,"[5.594781, 62.342447]",Kvalsund,SN59595
574,Small town,"[18.883733, 69.695703]",Kvaløysletta,SN90560
575,Small town,"[9.687733, 61.665]",Kvam,SN14050
576,Small town,"[9.968886, 59.1924]",Kvelde,SN27800
577,Small town,"[5.726181, 58.770672]",Kvernaland,SN44190
578,Small town,"[5.607108, 58.967094]",Kvernevik,SN44563
579,Part of a city,"[7.22855, 62.745697]",Kviltorp,SN62290
580,Small town,"[6.908333, 58.291667]",Kvinesdal,SN42285
581,Small town,"[8.492664, 59.402231]",Kviteseid,SN32850
582,Small town,"[15.225628, 68.571806]",Kvitnes,SN86520
583,Small town,"[9.089089, 63.290569]",Kyrksæterøra,SN65200
584,Part of a city,"[10.443439, 63.446261]",Lade,SN68050
585,Part of a city,"[10.425133, 63.437414]",Lademoen,SN68156
586,Part of a city,"[10.957247, 59.214744]",Lahellemoen,SN3019
587,Small town,"[24.971775, 70.051325]",Lakselv,SN95350
588,Part of a city,"[5.292572, 60.387608]",Laksevåg,SN50527
589,Small town,"[9.274892, 61.817767]",Lalm,SN14200
590,Part of a city,"[10.810983, 59.873325]",Lambertseter,SN18160
591,Small town,"[5.373683, 60.362236]",Landås,SN50505
592,Small town,"[10.505203, 59.858969]",Landøya,SN19670
593,Part of a city,"[11.987314, 60.201544]",Langeland,SN5590
594,Small town,"[10.321736, 59.272375]",Langerød,SN27330
595,Part of a city,"[10.008889, 59.052222]",Langestrand,SN30010
596,City or large town,"[9.748733, 59.000656]",Langesund,SN34090
597,Small town,"[5.208178, 59.602153]",Langevåg,SN47430
598,Small town,"[6.191375, 62.440847]",Langevåg,SN60870
599,Small town,"[10.846186, 59.755217]",Langhus,SN17820
600,Part of a city,"[18.921272, 69.665936]",Langnes Søndre,SN90493
601,Part of a city,"[14.11675, 66.302278]",Langneset,SN79600
602,Small town,"[10.666875, 59.331956]",Larkollen,SN17030
603,City or large town,"[10.035175, 59.053278]",Larvik,SN30010
604,Small town,"[14.417692, 68.388083]",Laukvika,SN85470
605,Small town,"[10.893969, 64.500617]",Lauvsnes,SN72030
606,Small town,"[11.479742, 64.470181]",Lavika,SN72580
607,Small town,"[6.549703, 58.449225]",Leidingshaugen,SN43005
608,Part of a city,"[10.964017, 59.231628]",Leie,SN3030
609,Small town,"[6.804528, 61.185614]",Leikanger,SN55770
610,Small town,"[5.781692, 62.247219]",Leikong,SN59650
611,Small town,"[15.016086, 67.774647]",Leinesfjorden,SN83100
612,Part of a city,"[10.307256, 63.324694]",Leinstrand,SN67155
613,Small town,"[9.294878, 60.970058]",Leira,SN23405
614,Small town,"[11.087461, 59.996819]",Leirsund,SN4150
615,Small town,"[5.500528, 59.779769]",Leirvik,SN48100
616,Small town,"[15.192458, 67.898669]",Leirvikbogen,SN83280
617,City or large town,"[13.611508, 68.147456]",Leknes,SN85560
618,Small town,"[10.6232, 63.672739]",Leksvik,SN71250
619,Small town,"[12.94325, 66.064058]",Leland,SN78250
620,Small town,"[10.813172, 60.673914]",Lena,SN11500
621,Part of a city,"[11.378842, 59.148875]",Lerdalen,SN1230
622,Small town,"[5.177206, 60.234586]",Lerøyna,SN50500
623,Small town,"[8.864242, 62.118375]",Lesja,SN16790
624,City or large town,"[11.299639, 63.746433]",Levanger,SN70680
625,Part of a city,"[11.990706, 60.184667]",Lia,SN5600
626,Small town,"[5.999147, 62.240856]",Liadal,SN59860
627,Small town,"[10.244475, 59.786508]",Lierbyen,SN19940
628,Small town,"[6.961797, 58.312156]",Liknes,SN42285
629,Part of a city,"[10.786089, 59.920692]",Lille Tøyen,SN18205
630,City or large town,"[10.466278, 61.115142]",Lillehammer,SN12648
631,City or large town,"[8.377192, 58.249453]",Lillesand,SN38170
632,City or large town,"[11.049181, 59.955972]",Lillestrøm,SN4200
633,Small town,"[5.161061, 60.736361]",Lindås,SN52415
634,Small town,"[5.161022, 60.736386]",Lindås,SN52415
635,Part of a city,"[10.977106, 59.233072]",Lisleby,SN3030
636,Small town,"[5.234772, 60.540853]",Litlebergen,SN52450
637,Small town,"[5.226069, 60.368786]",Loddefjord,SN50527
638,Part of a city,"[10.795703, 59.945719]",Lofthus,SN18410
639,Small town,"[8.568419, 61.837722]",Lom,SN15050
640,Small town,"[5.495633, 60.525561]",Lonevåg,SN50960
641,City or large town,"[15.646856, 78.223142]",Longyearbyen,SN9902000
642,Small town,"[9.927283, 59.762875]",Losmoen,SN26810
643,Small town,"[10.28555, 63.152161]",Lundamo,SN67210
644,Small town,"[9.102678, 59.298325]",Lunde,SN32061
645,Small town,"[7.782381, 58.095678]",Lunde,SN39950
646,Part of a city,"[10.984297, 59.214433]",Lundheim,SN3030
647,Part of a city,"[19.043986, 69.6713]",Lunheim,SN90510
648,Small town,"[10.583856, 60.306742]",Lunner,SN20520
649,Small town,"[7.459919, 61.443217]",Luster,SN55360
650,Small town,"[5.268708, 60.376344]",Lyngbø,SN50527
651,City or large town,"[7.070025, 58.1376]",Lyngdal,SN41825
652,Small town,"[20.218786, 69.576331]",Lyngseidet,SN91245
653,Small town,"[9.129669, 58.632617]",Lyngør,SN35860
654,Part of a city,"[10.6405, 59.913125]",Lysaker,SN18980
655,Small town,"[9.864278, 63.884622]",Lysøysundet,SN71580
656,Small town,"[7.473744, 61.100014]",Lærdalsøyri,SN54110
657,Small town,"[14.738525, 67.30055]",Løding,SN81340
658,Small town,"[15.996258, 68.413728]",Lødingen,SN85035
659,Small town,"[11.465972, 59.795528]",Løken,SN2560
660,Small town,"[9.705183, 63.125819]",Løkken Verk,SN66230
661,Part of a city,"[10.799292, 59.930994]",Løren,SN18210
662,Small town,"[11.230031, 60.019764]",Lørenfallet,SN4830
663,Small town,"[11.342094, 60.819408]",Løten,SN12270
664,Part of a city,"[5.670433, 58.943717]",Madla,SN44580
665,Small town,"[12.201514, 59.950922]",Magnor,SN5495
666,Small town,"[13.369086, 65.167636]",Majavatn,SN77425
667,Part of a city,"[10.715303, 59.928808]",Majorstuen,SN18700
668,Part of a city,"[10.664408, 59.428478]",Malakoff,SN17251
669,Small town,"[11.223983, 64.075339]",Malm,SN71040
670,Part of a city,"[7.458408, 58.024958]",Malmø,SN41090
671,City or large town,"[7.453469, 58.026819]",Mandal,SN41090
672,Small town,"[5.041397, 60.641444]",Manger,SN52500
673,Part of a city,"[10.811811, 59.895778]",Manglerud,SN18165
674,Part of a city,"[5.747489, 58.935794]",Mariero,SN44640
675,Small town,"[11.031917, 60.258297]",Maura,SN4721
676,Small town,"[8.663697, 63.867589]",Mausund,SN65940
677,Small town,"[11.030994, 63.230344]",Mebonden,SN68290
678,Small town,"[5.202042, 59.249994]",Medhaug,SN47230
679,Small town,"[27.851328, 71.041372]",Mehamn,SN96305
680,Small town,"[11.161117, 59.47465]",Meieribyen,SN3600
681,Part of a city,"[7.085706, 62.735053]",Mek,SN62295
682,Small town,"[14.799617, 68.502458]",Melbu,SN86630
683,Small town,"[9.713942, 63.047178]",Meldal,SN66230
684,Small town,"[10.275397, 63.287036]",Melhus,SN67160
685,Part of a city,"[10.666561, 59.421006]",Melløs,SN17251
686,Small town,"[10.336158, 59.223936]",Melsomvik,SN27450
687,Small town,"[5.325406, 59.259114]",Melstokke,SN47250
688,Small town,"[4.982353, 60.546278]",Merkesvik,SN52475
689,Small town,"[11.742978, 63.414061]",Meråker,SN69380
690,Small town,"[10.446444, 59.176825]",Middelborg,SN27406
691,Small town,"[6.674122, 62.673872]",Midsund,SN62360
692,Part of a city,"[11.999875, 60.193394]",Midtbyen,SN5590
693,Part of a city,"[10.396642, 63.431142]",Midtbyen,SN68173
694,Small town,"[5.354986, 60.361603]",Minde,SN50506
695,Small town,"[11.220772, 60.394053]",Minnesund,SN11450
696,Small town,"[10.024767, 59.750747]",Mjøndalen,SN26790
697,Small town,"[11.640069, 60.427964]",Mo,SN5330
698,City or large town,"[14.142786, 66.312778]",Mo i Rana,SN79600
699,Part of a city,"[11.283014, 63.740631]",Moan,SN69625
700,City or large town,"[10.701031, 60.928269]",Moelv,SN12595
701,Part of a city,"[10.432672, 63.409025]",Moholt,SN68175
702,Small town,"[6.55185, 58.456736]",Moi,SN43005
703,City or large town,"[7.159125, 62.737517]",Molde,SN62295
704,Part of a city,"[9.648483, 59.142833]",Moldhaugen,SN30261
705,Part of a city,"[23.697361, 70.668494]",Molla,SN94245
706,Small town,"[11.393356, 59.804606]",Momoen,SN2560
707,Part of a city,"[10.83135, 59.849008]",Mortensrud,SN17980
708,City or large town,"[13.191356, 65.837003]",Mosjøen,SN77205
709,Small town,"[13.041592, 67.902319]",Moskenes,SN85655
710,City or large town,"[10.657697, 59.434017]",Moss,SN17251
711,Small town,"[10.386, 59.247531]",Munkerekka,SN27435
712,Small town,"[15.016086, 67.774647]",Myklebostad,SN83100
713,Small town,"[8.862536, 58.749208]",Myra,SN35581
714,Small town,"[15.963081, 69.105878]",Myre,SN87120
715,Small town,"[15.078431, 68.914003]",Myre,SN86900
716,Part of a city,"[18.948469, 69.658933]",Myreng,SN90450
717,City or large town,"[11.325894, 59.555692]",Mysen,SN3460
718,City or large town,"[5.113658, 61.935344]",Måløy,SN59210
719,Part of a city,"[11.076875, 60.807706]",Mæhlumsløkka,SN12320
720,Part of a city,"[5.324314, 60.383439]",Møhlenpris,SN50539
721,Small town,"[7.83575, 58.296472]",Mølla,SN39450
722,Small town,"[7.973758, 58.103967]",Møvik,SN39201
723,Small town,"[11.223186, 64.221864]",Namdalseid,SN72200
724,City or large town,"[11.497842, 64.465583]",Namsos,SN72580
725,Small town,"[13.159497, 64.928828]",Namsskogan,SN74360
726,Part of a city,"[10.037408, 59.060125]",Nanset,SN30010
727,Part of a city,"[10.423258, 63.409767]",Nardo,SN68230
728,City or large town,"[17.398258, 68.436283]",Narvik,SN84701
729,Small town,"[5.716939, 61.511083]",Naustdal,SN57550
730,Small town,"[4.802906, 60.626103]",Nautnes,SN52478
731,Small town,"[9.987758, 60.563475]",Nes,SN22700
732,Small town,"[10.453606, 59.220181]",Nesbrygga,SN27403
733,Small town,"[9.102758, 60.568089]",Nesbyen,SN24890
734,Small town,"[5.883172, 59.260619]",Nesheim,SN45850
735,Small town,"[7.431789, 62.697119]",Nesjestranda,SN62240
736,Small town,"[13.018444, 66.198169]",Nesna,SN80040
737,Small town,"[10.663078, 59.862442]",Nesoddtangen,SN17810
738,Small town,"[5.354381, 60.316272]",Nesttun,SN50505
739,Small town,"[10.494056, 59.862053]",Nesvangen,SN19670
740,Small town,"[9.867481, 58.967414]",Nevlunghavn,SN30241
741,Part of a city,"[10.409094, 63.39865]",Nidarvoll,SN68230
742,Small town,"[7.835817, 58.15515]",Nodeland,SN39900
743,Part of a city,"[5.611622, 58.967725]",Nord-Sunde,SN44563
744,Small town,"[8.606581, 59.612042]",Nord-bygdi,SN31855
745,Small town,"[9.325792, 59.415883]",Nordagutu,SN32060
746,Part of a city,"[10.741244, 59.958464]",Nordberg,SN18390
747,Small town,"[5.985572, 61.912197]",Nordfjordeid,SN58770
748,Small town,"[11.263017, 60.185778]",Nordkisa,SN4920
749,Small town,"[19.558294, 69.217378]",Nordkjosbotn,SN89985
750,Part of a city,"[7.746478, 63.112339]",Nordlandet,SN64320
751,Part of a city,"[18.977989, 69.679067]",Nordre Breivika,SN90495
752,Part of a city,"[10.795717, 59.871075]",Nordseter,SN18160
753,Part of a city,"[11.501864, 64.018681]",Nordsidhaugen,SN70740
754,Part of a city,"[11.486547, 64.019078]",Nordsidleiret,SN70740
755,Small town,"[5.323422, 59.265953]",Nordstokke,SN47250
756,Part of a city,"[10.801661, 59.860561]",Nordstrand,SN18160
757,Small town,"[6.131661, 62.513844]",Nordstranda,SN60985
758,Small town,"[26.032061, 70.980453]",Nordvågen,SN94710
759,Small town,"[9.624111, 60.179853]",Noresund,SN24650
760,Small town,"[5.312761, 59.377897]",Norheim,SN47170
761,Small town,"[6.145639, 60.370886]",Norheimsund,SN50105
762,City or large town,"[9.258531, 59.559353]",Notodden,SN30530
763,Small town,"[13.347764, 68.035297]",Nusfjord,SN85610
764,Small town,"[12.32265, 61.261206]",Nybergsund,SN180
765,Part of a city,"[19.003192, 69.686389]",Nygård,SN90495
766,Part of a city,"[10.190672, 59.13915]",Nygård,SN27564
767,Small town,"[10.384169, 59.422781]",Nykirke,SN27120
768,Small town,"[15.013475, 68.995811]",Nyksund,SN86900
769,Part of a city,"[13.210347, 65.831972]",Nyrud,SN77205
770,Small town,"[5.637883, 58.665464]",Nærbø,SN43971
771,Small town,"[10.509431, 59.761494]",Nærsnes,SN19810
772,Part of a city,"[6.239775, 62.471994]",Nørvasundet,SN60945
773,City or large town,"[6.545644, 60.069117]",Odda,SN49220
774,Small town,"[20.532661, 69.604044]",Olderdalen,SN91522
775,Part of a city,"[13.215942, 65.821331]",Olderskogen,SN77205
776,Small town,"[18.593933, 69.144533]",Olsborg,SN89350
777,Small town,"[6.036869, 58.8286]",Oltedal,SN44900
778,Small town,"[9.691206, 62.594308]",Oppdal,SN63705
779,Small town,"[10.812858, 59.766975]",Oppegård,SN17820
780,Small town,"[11.846839, 64.799169]",Oppløya,SN75100
781,Part of a city,"[10.840125, 59.895403]",Oppsal,SN18170
782,Small town,"[11.516022, 60.179339]",Oppåkermoen,SN4950
783,City or large town,"[9.850203, 63.306653]",Orkanger,SN66160
784,Small town,"[9.823947, 63.273681]",Orkdal,SN66160
785,Small town,"[5.723133, 58.797486]",Orstad,SN44190
786,Small town,"[11.223308, 62.496489]",Os,SN10080
787,Part of a city,"[17.435103, 68.437475]",Oscarsborg,SN84701
788,Part of a city,"[9.656314, 59.150222]",Osebakken,SN30270
789,City or large town,"[10.746092, 59.912728]",Oslo,SN18317
790,Small town,"[5.463811, 60.18385]",Osøyro,SN50380
791,Small town,"[11.171878, 61.7597]",Otnes,SN7660
792,City or large town,"[9.535289, 61.771203]",Otta,SN16040
793,Part of a city,"[5.742633, 58.962947]",Paradis,SN44640
794,Small town,"[10.704083, 59.59405]",Pepperstad skog,SN17650
795,Part of a city,"[10.919883, 59.235764]",Pettersand,SN3050
796,City or large town,"[9.646647, 59.131661]",Porsgrunn,SN30261
797,Small town,"[10.443869, 59.273792]",Presterød,SN27270
798,Small town,"[9.635197, 60.043431]",Prestfoss,SN26220
799,Part of a city,"[11.041261, 60.807658]",Prestrud,SN12320
800,Part of a city,"[10.807914, 59.833067]",Prinsdal,SN17980
801,Part of a city,"[23.689894, 70.687989]",Prærien,SN94280
802,Part of a city,"[11.476558, 64.468331]",Prærien,SN72580
803,Part of a city,"[23.707111, 70.660425]",Rairo,SN94245
804,Small town,"[11.34535, 59.425125]",Rakkestad,SN3290
805,Small town,"[13.229892, 68.089906]",Ramberg,SN85630
806,Small town,"[16.518375, 68.491983]",Ramsund,SN84990
807,Small town,"[5.618725, 58.999547]",Randaberg,SN44567
808,Part of a city,"[8.117981, 58.133789]",Randesund,SN39010
809,Small town,"[11.948358, 64.493589]",Ranemsletta,SN72710
810,Part of a city,"[10.538267, 63.428639]",Ranheim,SN69020
811,Part of a city,"[12.018522, 60.177567]",Rasta,SN5590
812,Small town,"[10.613297, 60.726042]",Raufoss,SN11650
813,Part of a city,"[10.613606, 59.447072]",Refsnes,SN17280
814,Part of a city,"[10.802742, 59.939822]",Refstad,SN18410
815,Small town,"[13.088742, 67.932411]",Reine,SN85655
816,Small town,"[10.621747, 60.679772]",Reinsvoll,SN11650
817,Small town,"[10.290278, 59.776322]",Reistad,SN19940
818,Small town,"[6.260575, 58.339544]",Rekefjord,SN43210
819,Small town,"[11.371564, 61.132219]",Rena,SN6840
820,Small town,"[10.304461, 59.137003]",Revebåsen,SN27480
821,Small town,"[5.645928, 58.951047]",Revheim,SN44580
822,Small town,"[11.1305, 60.801269]",Ridabu,SN12291
823,Small town,"[9.211506, 63.055469]",Rindal,SN64870
824,Small town,"[10.138886, 61.529647]",Ringebu,SN13390
825,Small town,"[10.468725, 59.910411]",Ringvoll,SN19490
826,Part of a city,"[10.819964, 59.933683]",Risløkka,SN18215
827,Small town,"[9.959886, 63.583678]",Rissa,SN71320
828,City or large town,"[9.223242, 58.719192]",Risør,SN35345
829,Small town,"[15.638136, 68.971903]",Risøyhamn,SN86500
830,City or large town,"[8.594108, 59.878908]",Rjukan,SN31411
831,Small town,"[10.615908, 60.290928]",Roa,SN20500
832,Small town,"[6.1247, 62.582406]",Roald,SN60990
833,Small town,"[10.356097, 59.244308]",Robergåsen,SN27450
834,Small town,"[15.390856, 67.100214]",Rognan,SN82000
835,Part of a city,"[11.081483, 60.7991]",Rollsløkka,SN12290
836,Small town,"[7.099186, 58.157081]",Rom,SN41825
837,Small town,"[5.644836, 60.726597]",Romarheim,SN52360
838,Small town,"[11.291461, 60.73715]",Romedal,SN12270
839,Part of a city,"[10.89815, 59.966428]",Romsås,SN18269
840,Small town,"[8.537183, 58.351456]",Roresand,SN38140
841,Small town,"[6.011567, 59.985892]",Rosendal,SN48510
842,Small town,"[5.289553, 59.399478]",Rossabø,SN47264
843,Small town,"[5.296633, 59.398564]",Rossabø,SN47264
844,Small town,"[10.861353, 60.057072]",Rotnes,SN4400
845,Part of a city,"[10.307631, 59.491906]",Rove,SN27090
846,Small town,"[12.052247, 60.253419]",Roverud,SN5660
847,Small town,"[5.268222, 59.815586]",Rubbestadneset,SN48120
848,Small town,"[16.557511, 68.742217]",Ruggevika,SN87640
849,Part of a city,"[10.224603, 59.729353]",Rundtom,SN26580
850,Small town,"[10.750342, 59.377617]",Rygge,SN17380
851,Small town,"[5.052075, 60.557817]",Ryland,SN52500
852,Small town,"[23.672125, 70.641258]",Rypefjord,SN94245
853,Small town,"[11.179011, 60.275131]",Råholt,SN11125
854,Small town,"[10.076531, 63.763989]",Råkvåg,SN71380
855,Small town,"[11.329894, 60.030122]",Rånåsfoss,SN4825
856,Small town,"[8.947258, 60.267178]",Rødberg,SN29280
857,Small town,"[6.814978, 59.833419]",Røldal,SN46450
858,Small town,"[9.056433, 61.033275]",Røn,SN23600
859,Part of a city,"[14.419178, 67.296628]",Rønvik,SN82310
860,Part of a city,"[14.422236, 67.290233]",Rønvik øvre,SN82310
861,Small town,"[11.400636, 63.858653]",Røra,SN70680
862,City or large town,"[11.384194, 62.574675]",Røros,SN10380
863,Small town,"[11.239686, 64.861853]",Rørvik,SN75190
864,Small town,"[12.117428, 67.517506]",Røst,SN85890
865,Small town,"[10.388322, 59.747242]",Røyken,SN19800
866,Small town,"[13.562561, 64.883944]",Røyrvik,SN74170
867,Part of a city,"[7.141156, 62.734608]",Røysan,SN62295
868,Part of a city,"[11.068, 60.794881]",Sagatun,SN12320
869,Part of a city,"[10.755853, 59.937825]",Sagene,SN18390
870,Small town,"[5.389964, 59.781386]",Sagvåg,SN48070
871,Part of a city,"[5.303425, 59.3893]",Sakkastad,SN47172
872,Small town,"[5.267389, 60.505875]",Salhus,SN52452
873,Small town,"[8.840039, 58.488667]",Saltrød,SN36010
874,Part of a city,"[16.514753, 68.805867]",Sama,SN87640
875,Small town,"[6.251092, 59.484675]",Sand,SN46150
876,Small town,"[11.128414, 60.154325]",Sand,SN4725
877,Small town,"[11.540261, 60.392194]",Sand,SN5340
878,Part of a city,"[10.769544, 59.942975]",Sandaker,SN18405
879,Small town,"[6.216406, 61.77695]",Sandane,SN58070
880,Small town,"[5.197981, 59.245167]",Sandbakkane,SN47230
881,Small town,"[5.685753, 58.957097]",Sanddal,SN44580
882,Part of a city,"[7.462378, 58.024422]",Sande,SN41090
883,Small town,"[5.797753, 61.325111]",Sande,SN56805
884,Small town,"[10.208083, 59.586786]",Sande,SN27060
885,City or large town,"[10.222336, 59.131328]",Sandefjord,SN27590
886,Small town,"[5.862286, 59.544408]",Sandeid,SN46845
887,Part of a city,"[10.022222, 59.050833]",Sanden,SN30010
888,Part of a city,"[7.450136, 58.024372]",Sanden,SN41090
889,Part of a city,"[11.096347, 59.272294]",Sandesund,SN3190
890,City or large town,"[5.740806, 58.850908]",Sandnes,SN44740
891,City or large town,"[12.615928, 66.018147]",Sandnessjøen,SN78280
892,Part of a city,"[9.636358, 59.657989]",Sandsværmoen,SN28380
893,Small town,"[5.195878, 59.175272]",Sandve,SN47220
894,Part of a city,"[5.738828, 58.9421]",Sandviga,SN44640
895,City or large town,"[10.527742, 59.890731]",Sandvika,SN19455
896,Small town,"[15.062847, 68.917817]",Sandvika,SN86900
897,Small town,"[13.59125, 64.463767]",Sandvika,SN73500
898,City or large town,"[10.524525, 59.892167]",Sandvika,SN19455
899,Small town,"[5.324181, 60.405869]",Sandviken,SN50570
900,Small town,"[6.298439, 59.633786]",Sandviksåsen,SN46610
901,Part of a city,"[11.504106, 64.005811]",Sannan,SN70740
902,City or large town,"[11.1097, 59.283883]",Sarpsborg,SN3190
903,City or large town,"[6.354161, 59.650592]",Sauda,SN46610
904,Small town,"[6.303314, 59.638261]",Saudasjøen,SN46610
905,Small town,"[-22.65265, 70.436519]",Scoresbysund,SN76900
906,Small town,"[10.222606, 61.228203]",Segalstad bru,SN13030
907,Part of a city,"[14.174403, 66.326867]",Selfors,SN79600
908,Small town,"[5.347386, 62.044403]",Selje,SN59400
909,Part of a city,"[16.523533, 68.789942]",Seljestad,SN87640
910,Small town,"[8.630169, 59.484769]",Seljord,SN32290
911,Small town,"[10.991383, 59.229647]",Sellebakk,SN3030
912,Small town,"[10.260036, 59.56645]",Selvik,SN27065
913,Small town,"[10.330036, 59.282297]",Sem,SN27330
914,Small town,"[17.489789, 69.496858]",Senjahopen,SN88626
915,Small town,"[18.348269, 68.860939]",Setermoen,SN89515
916,Small town,"[5.196342, 59.271358]",Sevlandsvik,SN47232
917,Small town,"[15.511569, 68.643728]",Sigerfjord,SN86500
918,Small town,"[10.881736, 59.79095]",Siggerud,SN17820
919,Small town,"[17.949289, 69.244906]",Silsand,SN88190
920,Part of a city,"[10.7894, 59.8969]",Simensbråten,SN18162
921,Part of a city,"[10.412606, 63.422403]",Singsaker,SN68173
922,Part of a city,"[10.785142, 59.933892]",Sinsen,SN18205
923,Small town,"[6.662989, 58.420553]",Sira,SN42720
924,Small town,"[5.801958, 58.503864]",Sirevåg,SN43350
925,Small town,"[8.833178, 63.725233]",Sistranda,SN65900
926,Small town,"[9.549944, 61.678997]",Sjoa,SN14050
927,Small town,"[7.564925, 58.172881]",Sjævesland,SN41005
928,Small town,"[6.813764, 62.482628]",Sjøholt,SN60800
929,Part of a city,"[18.949856, 69.684108]",Sjømannsbyen,SN90450
930,Small town,"[10.49165, 59.797514]",Sjøstrand,SN19670
931,Small town,"[17.847058, 68.873633]",Sjøvegan,SN88020
932,Small town,"[6.114067, 62.465497]",Skarbøvik,SN60985
933,Small town,"[11.684847, 60.253906]",Skarnes,SN5330
934,Small town,"[5.213278, 60.555333]",Skarpeneset,SN52450
935,Small town,"[25.826992, 71.113194]",Skarsvåg,SN94640
936,Part of a city,"[19.009, 69.695481]",Skattøra,SN90495
937,Part of a city,"[9.631528, 59.679492]",Skavanger,SN28380
938,Small town,"[11.032775, 60.005475]",Skedsmokorset,SN4200
939,Small town,"[6.4791, 61.571503]",Skei,SN57395
940,City or large town,"[10.835753, 59.719483]",Ski,SN17880
941,Small town,"[20.267358, 69.390861]",Skibotn,SN91380
942,City or large town,"[9.609014, 59.209606]",Skien,SN30293
943,Small town,"[10.932319, 59.976367]",Skillebekk,SN18270
944,Small town,"[7.474442, 58.028169]",Skinnsnes,SN41090
945,Small town,"[11.161225, 59.476914]",Skiptvet,SN3600
946,Small town,"[14.431925, 67.308011]",Skivika,SN82310
947,Small town,"[11.19025, 59.211475]",Skjeberg,SN3000
948,Part of a city,"[7.422853, 58.033353]",Skjebstad,SN41090
949,Part of a city,"[5.736028, 59.004258]",Skjeie,SN44660
950,Part of a city,"[19.082286, 69.697744]",Skjelnan,SN90510
951,Small town,"[20.971478, 70.031189]",Skjervøy,SN91725
952,Small town,"[11.005644, 59.972703]",Skjetten,SN4260
953,Small town,"[5.586867, 59.502728]",Skjold,SN47480
954,Small town,"[7.600086, 61.490961]",Skjolden,SN55300
955,Small town,"[6.108506, 62.502533]",Skjong,SN60985
956,Small town,"[11.036861, 59.025261]",Skjærhalden,SN1080
957,Small town,"[11.315908, 59.640897]",Skjønhaug,SN3460
958,Small town,"[6.693222, 62.504681]",Skodje,SN60835
959,Part of a city,"[18.048878, 69.236111]",Skogen,SN88190
960,Small town,"[12.012939, 64.508386]",Skogmo,SN72710
961,Small town,"[11.192625, 63.703739]",Skogn,SN69625
962,Small town,"[10.410775, 59.386128]",Skoppum,SN27161
963,Small town,"[9.524511, 59.215058]",Skotfoss,SN30325
964,Small town,"[9.884056, 59.845028]",Skotselv,SN26060
965,Small town,"[12.128089, 59.982797]",Skotterud,SN5495
966,Small town,"[10.935644, 60.652567]",Skreia,SN11500
967,City or large town,"[5.256633, 59.150106]",Skudeneshavn,SN47192
968,Part of a city,"[10.841233, 59.86355]",Skullerud,SN17980
969,Part of a city,"[5.321411, 60.402356]",Skuteviken,SN50570
970,Small town,"[15.331908, 68.015428]",Skutvik,SN83280
971,Small town,"[10.91235, 59.996758]",Skytta,SN18280
972,Small town,"[5.937625, 59.732881]",Skånevik,SN47501
973,Small town,"[10.960375, 59.921422]",Skårer,SN4170
974,Part of a city,"[10.679356, 59.922831]",Skøyen,SN18815
975,Small town,"[10.916761, 60.008411]",Slattum,SN18280
976,Small town,"[10.497011, 59.780742]",Slemmestad,SN19670
977,Small town,"[8.981408, 61.088022]",Slidre,SN23600
978,Part of a city,"[6.159583, 62.460394]",Slinningen,SN60951
979,Part of a city,"[11.083817, 60.813211]",Smeby,SN12320
980,Part of a city,"[10.940261, 59.202853]",Smertu,SN3019
981,Part of a city,"[10.684667, 59.936939]",Smestad,SN18920
982,Part of a city,"[14.401406, 67.285864]",Snippen,SN82310
983,Small town,"[12.377792, 64.2457]",Snåase,SN70930
984,Small town,"[12.381806, 64.245567]",Snåsa,SN70930
985,Part of a city,"[10.732458, 59.952564]",Sogn,SN18701
986,Small town,"[7.096744, 61.229075]",Sogndal,SN55710
987,Small town,"[6.284664, 58.322969]",Sogndalsstranda,SN43210
988,Part of a city,"[10.641433, 59.655631]",Sogsti,SN17730
989,Small town,"[9.928056, 60.238847]",Sokna,SN24210
990,Small town,"[5.652892, 58.888547]",Sola,SN44548
991,Small town,"[10.078706, 59.763411]",Solbergelva,SN26780
992,Part of a city,"[5.700233, 58.951806]",Solborg,SN44562
993,Small town,"[5.337111, 60.372008]",Solheim,SN50485
994,Small town,"[10.345656, 59.963858]",Sollihøgda,SN19663
995,Small town,"[10.027164, 59.006139]",Solstad,SN30010
996,Part of a city,"[11.085047, 60.807569]",Solvang,SN12290
997,Small town,"[7.247472, 61.301283]",Solvorn,SN55520
998,Small town,"[15.062864, 68.905514]",Sommarøy,SN86900
999,Small town,"[18.007278, 69.633558]",Sommarøy,SN88660
1000,Small town,"[10.685919, 59.523133]",Son,SN17550
1001,City or large town,"[15.413819, 68.6982]",Sortland,SN86500
1002,Small town,"[11.432914, 63.919044]",Sparbu,SN70680
1003,Small town,"[10.766922, 59.298553]",Spetalen,SN17030
1004,Small town,"[10.336981, 59.743961]",Spikkestad,SN19800
1005,Small town,"[6.361997, 62.460275]",Spjelkavik,SN60890
1006,Small town,"[11.229808, 59.092658]",Sponvika,SN2980
1007,Small town,"[11.085578, 59.617081]",Spydeberg,SN3750
1008,City or large town,"[30.402064, 59.913128]",St.Petersburg,SN99540
1009,Part of a city,"[18.997683, 69.696025]",Stakkevollan,SN90495
1010,Part of a city,"[18.925617, 69.657894]",Stalheim,SN90451
1011,Small town,"[13.849325, 68.130131]",Stamsund,SN85560
1012,Small town,"[5.707572, 58.848958]",Stangaland,SN44740
1013,Small town,"[11.194139, 60.718044]",Stange,SN12110
1014,Small town,"[5.736317, 60.552242]",Stanghelle,SN51010
1015,City or large town,"[9.698214, 59.045106]",Stathelle,SN30248
1016,City or large town,"[5.717983, 58.965272]",Stavanger,SN44640
1017,City or large town,"[10.033889, 58.998611]",Stavern,SN30010
1018,Small town,"[9.954953, 59.760056]",Steinberg,SN26810
1019,City or large town,"[11.495381, 64.014842]",Steinkjer,SN70740
1020,Small town,"[6.470647, 62.783892]",Steinshamn,SN62480
1021,Small town,"[5.853983, 62.002678]",Steinsvika,SN58770
1022,City or large town,"[10.912564, 63.466944]",Stjørdal,SN69100
1023,Part of a city,"[10.918892, 63.471242]",Stjørdalshalsen,SN69100
1024,Part of a city,"[5.691472, 58.964794]",Stokka,SN44620
1025,Small town,"[10.300322, 59.223586]",Stokke,SN27440
1026,City or large town,"[14.904444, 68.565556]",Stokmarknes,SN86598
1027,Small town,"[5.273517, 59.391478]",Storasund,SN47264
1028,City or large town,"[5.499819, 59.780919]",Stord,SN48100
1029,Small town,"[6.986292, 62.382025]",Stordal,SN60700
1030,Small town,"[6.957214, 58.380842]",Storekvina,SN42285
1031,Part of a city,"[18.800742, 69.684825]",Storelva,SN90491
1032,Small town,"[14.528597, 66.404775]",Storforshei,SN79700
1033,Part of a city,"[11.047172, 60.795119]",Storhamar,SN12320
1034,Part of a city,"[10.780011, 59.945753]",Storo,SN18405
1035,Small town,"[21.024489, 69.768231]",Storslett,SN91740
1036,Small town,"[19.234444, 69.240736]",Storsteinnes,SN90305
1037,Small town,"[14.455122, 67.316539]",Storvollen,SN82310
1038,Small town,"[9.597711, 63.095878]",Storås,SN64590
1039,Part of a city,"[10.922381, 59.960847]",Stovner,SN18270
1040,Part of a city,"[5.725258, 58.973114]",Straen,SN44640
1041,Small town,"[8.669864, 58.372442]",Strand,SN36110
1042,Part of a city,"[15.357519, 67.255344]",Stranda,SN82085
1043,Small town,"[6.937167, 62.308636]",Stranda,SN60190
1044,Small town,"[5.121989, 60.361314]",Straume,SN50520
1045,Small town,"[14.471461, 68.688986]",Straume,SN86800
1046,Small town,"[5.268736, 60.324411]",Straume,SN50507
1047,Small town,"[11.296167, 63.871625]",Straumen,SN70680
1048,Small town,"[6.593636, 62.335208]",Straumgjerde,SN60010
1049,Part of a city,"[10.43195, 63.4122]",Strinda,SN68175
1050,Part of a city,"[10.456039, 63.426661]",Strindheim,SN68860
1051,Small town,"[6.7179, 61.902586]",Stryn,SN58533
1052,Small town,"[10.7012, 59.526428]",Strømbråten,SN17550
1053,Small town,"[11.010094, 59.950631]",Strømmen,SN4110
1054,Part of a city,"[10.171997, 59.739164]",Strømsgodset,SN26894
1055,Part of a city,"[10.205981, 59.735214]",Strømsø,SN26594
1056,Part of a city,"[10.418492, 63.395144]",Stubban,SN68230
1057,Small town,"[5.761183, 61.918842]",Stårheim,SN57940
1058,Small town,"[10.285053, 63.039078]",Støren,SN67255
1059,Small town,"[6.519211, 59.49305]",Suldalsosen,SN46220
1060,Small town,"[16.0449, 67.137636]",Sulitjelma,SN81890
1061,Small town,"[10.12565, 59.511881]",Sundbyfoss,SN26760
1062,Small town,"[8.489731, 59.405653]",Sundbygdi,SN32850
1063,Small town,"[8.563267, 62.675186]",Sunndalsøra,SN63420
1064,Small town,"[8.726339, 62.973894]",Surnadal,SN64760
1065,Small town,"[9.961439, 59.401681]",Svarstad,SN27870
1066,Small town,"[15.08675, 68.920842]",Svartbakken,SN86900
1067,Small town,"[7.600069, 63.105844]",Sveggen,SN64150
1068,Part of a city,"[5.303878, 59.280861]",Sveinsvolljordet,SN47250
1069,Small town,"[5.295444, 61.769764]",Svelgen,SN57810
1070,City or large town,"[10.408747, 59.613681]",Svelvik,SN26950
1071,Part of a city,"[6.040897, 59.020664]",Svenskebyen,SN45460
1072,Small town,"[10.518028, 59.861014]",Sververen,SN19670
1073,Small town,"[11.016586, 59.423594]",Svinndal,SN17610
1074,City or large town,"[14.563628, 68.235253]",Svolvær,SN85455
1075,Small town,"[5.172258, 59.792844]",Svortland,SN48060
1076,Small town,"[5.45285, 60.238031]",Syfteland,SN50380
1077,Small town,"[6.5875, 62.395942]",Sykkylven,SN60010
1078,Small town,"[10.291047, 59.893025]",Sylling,SN19960
1079,Small town,"[5.739525, 62.088967]",Syvde,SN59750
1080,Small town,"[5.709703, 59.794153]",Sæbøvik,SN48450
1081,Small town,"[5.280364, 60.345653]",Sælen,SN50507
1082,Small town,"[10.527489, 59.681292]",Sætre,SN19810
1083,Small town,"[5.215528, 59.29735]",Sæviktun,SN47232
1084,Small town,"[7.782939, 58.093278]",Søgne,SN39950
1085,Small town,"[9.074936, 58.760881]",Søndeled,SN35090
1086,Part of a city,"[10.797744, 59.921961]",Søndre Hovin,SN18210
1087,Small town,"[10.584064, 59.757733]",Søndre Spro,SN17775
1088,Small town,"[13.966917, 67.136267]",Sør-Arnøy,SN80790
1089,Small town,"[15.674208, 69.132847]",Sør-Nordmela,SN87120
1090,Part of a city,"[5.630239, 58.960653]",Sør-Sunde,SN44563
1091,Small town,"[20.950492, 69.785897]",Sørkjosen,SN91740
1092,Small town,"[12.697839, 67.665636]",Sørland,SN85840
1093,Small town,"[11.470247, 63.99585]",Sørlia,SN71000
1094,Small town,"[18.152919, 69.145264]",Sørreisa,SN89010
1095,Part of a city,"[11.491719, 64.009581]",Sørsidleiret,SN70740
1096,Small town,"[11.241539, 59.986208]",Sørumsand,SN4830
1097,Small town,"[13.016403, 67.889681]",Sørvågen,SN85655
1098,Small town,"[21.985625, 70.632308]",Sørvær,SN92750
1099,Small town,"[7.863758, 58.074386]",Søvig,SN39950
1100,Small town,"[6.278992, 62.547447]",Søvik,SN61030
1101,Small town,"[22.949853, 70.042472]",Talvik,SN93090
1102,Small town,"[28.191642, 70.198631]",Tana bru,SN96850
1103,Small town,"[5.5741, 58.936178]",Tananger,SN44552
1104,Small town,"[10.417142, 59.233175]",Tandstad,SN27390
1105,Small town,"[11.266767, 60.617925]",Tangen,SN12050
1106,Small town,"[10.238844, 59.730481]",Tangen,SN26590
1107,Small town,"[7.815292, 58.097814]",Tangvall,SN39950
1108,Part of a city,"[17.443278, 68.445242]",Taraldsvik,SN84701
1109,Part of a city,"[5.682944, 58.980567]",Tasta Nedre,SN44620
1110,Part of a city,"[5.689239, 58.990064]",Tasta Øvre,SN44620
1111,Small town,"[5.922503, 59.064806]",Tau,SN45580
1112,Small town,"[10.414569, 59.251464]",Teie,SN27435
1113,Part of a city,"[10.817256, 59.91345]",Teisen,SN18195
1114,Small town,"[10.794742, 59.458458]",Teksnes,SN17400
1115,Small town,"[17.806183, 68.747092]",Tennevoll,SN88010
1116,Small town,"[12.369233, 65.084981]",Terråk,SN76080
1117,Part of a city,"[5.282653, 60.457944]",Tertnes,SN52460
1118,Part of a city,"[9.407556, 58.866631]",Thomesheia,SN34190
1119,Part of a city,"[10.420278, 63.339725]",Tiller,SN68238
1120,Small town,"[12.273928, 65.522022]",Tilrem,SN76330
1121,Small town,"[10.941269, 60.762097]",Tingnes,SN11500
1122,Small town,"[8.205564, 62.913081]",Tingvoll,SN64510
1123,Small town,"[10.018708, 59.039311]",Tinvik,SN30010
1124,Small town,"[11.447436, 59.128869]",Tistedal,SN1200
1125,Part of a city,"[5.691942, 58.952997]",Tjensvoll Nedre,SN44562
1126,Part of a city,"[5.702897, 58.946492]",Tjensvoll Øvre,SN44562
1127,Small town,"[10.126969, 59.055756]",Tjøllingvollen,SN27780
1128,Part of a city,"[6.644136, 58.297264]",Tjørsvåg,SN42650
1129,Small town,"[12.428369, 65.822581]",Tjøtta,SN76530
1130,Small town,"[10.561383, 59.542756]",Tofte,SN19825
1131,Part of a city,"[10.929006, 59.967897]",Tokerud,SN18270
1132,Small town,"[10.998767, 62.408989]",Tolga,SN10050
1133,Part of a city,"[10.477581, 59.274697]",Tolvsrød,SN27400
1134,Part of a city,"[19.018236, 69.65945]",Tomasjorda,SN90510
1135,Small town,"[6.931064, 62.581183]",Tomra,SN61070
1136,Small town,"[10.994867, 59.6591]",Tomter,SN3780
1137,Part of a city,"[10.797503, 59.940289]",Tonsen,SN18410
1138,Small town,"[6.716503, 58.664208]",Tonstad,SN42810
1139,Small town,"[10.690783, 59.809089]",Torget,SN17810
1140,Small town,"[11.022642, 59.243664]",Torp,SN3120
1141,Part of a city,"[10.76715, 59.935522]",Torshov,SN18405
1142,Small town,"[17.105494, 69.338681]",Torsken,SN88500
1143,Part of a city,"[10.05075, 59.043861]",Torstrand,SN30000
1144,Small town,"[10.260828, 59.8105]",Tranby,SN19940
1145,Part of a city,"[10.946922, 59.223269]",Trara,SN3019
1146,Part of a city,"[10.851797, 59.904678]",Trasopp,SN18180
1147,Part of a city,"[17.416108, 68.434386]",Trekanten,SN84701
1148,Small town,"[5.623394, 60.427658]",Trengereid,SN50360
1149,Small town,"[10.300572, 61.314383]",Tretten,SN13125
1150,Small town,"[8.5202, 59.020639]",Treungen,SN37230
1151,Small town,"[13.406311, 65.53335]",Trofors,SN77280
1152,Part of a city,"[18.999161, 69.644239]",Tromsdalen,SN90510
1153,City or large town,"[18.958503, 69.655747]",Tromsø,SN90450
1154,Part of a city,"[16.550489, 68.817772]",Trondenes,SN87640
1155,City or large town,"[10.395058, 63.430483]",Trondheim,SN68173
1156,Small town,"[8.558875, 60.865931]",Trøym,SN25090
1157,Small town,"[8.485139, 60.879389]",Tuv,SN25112
1158,City or large town,"[8.931061, 58.622667]",Tvedestrand,SN35951
1159,Part of a city,"[8.109794, 58.223564]",Tveit,SN39040
1160,Part of a city,"[8.631958, 59.879886]",Tveito,SN31410
1161,Part of a city,"[8.764564, 58.458614]",Tyholmen,SN36110
1162,Part of a city,"[10.437481, 63.424614]",Tyholt,SN68175
1163,Small town,"[10.782392, 62.275936]",Tynset,SN9580
1164,Small town,"[10.09725, 60.085619]",Tyristrand,SN20000
1165,Small town,"[5.759528, 60.374031]",Tysse,SN50240
1166,Small town,"[6.559064, 60.116306]",Tyssedal,SN49351
1167,Small town,"[6.559967, 60.114517]",Tyssedalstveiti,SN49351
1168,Small town,"[5.586228, 60.618442]",Tysso,SN52390
1169,Part of a city,"[7.20825, 62.740122]",Tøndergård,SN62295
1170,City or large town,"[10.407636, 59.267508]",Tønsberg,SN27260
1171,Part of a city,"[10.767847, 59.914847]",Tøyen,SN18310
1172,Small town,"[9.264583, 59.283825]",Ulefoss,SN32490
1173,Part of a city,"[5.717789, 58.944575]",Ullandhaug,SN44640
1174,Part of a city,"[5.706056, 58.940542]",Ullandhaug,SN44562
1175,Part of a city,"[10.655197, 59.927719]",Ullern,SN18980
1176,Part of a city,"[10.731358, 59.944369]",Ullevål,SN18701
1177,Part of a city,"[10.851889, 59.891481]",Ulsrud,SN18170
1178,City or large town,"[5.848672, 62.343164]",Ulsteinvik,SN59590
1179,Part of a city,"[10.813353, 59.921986]",Ulven,SN18210
1180,Small town,"[6.91645, 60.567906]",Ulvik,SN49901
1181,Small town,"[5.863386, 59.933]",Uskedalen,SN48450
1182,Small town,"[5.825275, 61.209089]",Vadheim,SN56270
1183,City or large town,"[29.730939, 70.080306]",Vadsø,SN98790
1184,Small town,"[5.737386, 60.479033]",Vaksdal,SN51010
1185,Part of a city,"[11.096978, 59.290356]",Valaskjold,SN3190
1186,Small town,"[6.122492, 62.497711]",Valderhaug,SN60985
1187,Small town,"[5.432756, 60.505703]",Valestrandsfossen,SN50770
1188,Part of a city,"[8.02255, 58.148292]",Valhalla,SN39160
1189,Small town,"[6.139683, 62.205228]",Vallabøen,SN59680
1190,Small town,"[7.262589, 62.297972]",Valldal,SN60640
1191,Small town,"[9.552467, 58.934033]",Valle,SN34100
1192,Part of a city,"[10.801361, 59.916989]",Valle,SN18210
1193,Small town,"[19.98205, 70.072658]",Vannvåg,SN90760
1194,Small town,"[6.691839, 58.098119]",Vanse,SN42141
1195,Small town,"[28.555683, 70.172783]",Varangerbotn,SN96850
1196,City or large town,"[31.109539, 70.370517]",Vardø,SN98550
1197,Small town,"[5.657019, 58.618103]",Varhaug,SN43971
1198,Small town,"[11.188131, 59.932164]",Varåa,SN4820
1199,Part of a city,"[17.425331, 68.444206]",Vassvik,SN84701
1200,Small town,"[11.346342, 59.420122]",Vaterland,SN3290
1201,Small town,"[6.617078, 62.558256]",Vatne,SN60835
1202,Part of a city,"[5.741856, 58.929908]",Vaulen,SN44640
1203,Small town,"[10.360908, 59.259392]",Vear,SN27450
1204,Small town,"[5.218744, 59.294828]",Veavågen,SN47232
1205,Small town,"[7.583839, 63.010575]",Vebenstad,SN64150
1206,Small town,"[11.050964, 59.185019]",Veel,SN3015
1207,Small town,"[9.154794, 60.042272]",Veggli,SN28922
1208,Part of a city,"[10.846653, 59.944228]",Veitvet,SN18233
1209,Small town,"[6.1274, 62.198047]",Velle,SN59680
1210,Small town,"[5.276556, 59.346467]",Velleberget,SN47264
1211,Small town,"[7.973144, 58.268564]",Vennesla,SN39220
1212,City or large town,"[11.480028, 63.792975]",Verdal,SN69960
1213,Small town,"[10.102081, 59.092122]",Verningen,SN27785
1214,Small town,"[10.739644, 59.620519]",Verpet,SN17650
1215,Small town,"[10.752325, 59.605111]",Vestby,SN17650
1216,Part of a city,"[14.373439, 67.279192]",Vestbyen,SN82290
1217,Part of a city,"[11.058531, 60.798286]",Vestbyen,SN12320
1218,Small town,"[6.586958, 58.099914]",Vestbygd,SN42160
1219,Part of a city,"[11.091708, 59.281064]",Vesteng,SN3190
1220,Part of a city,"[31.117531, 70.374997]",Vestervågen,SN98550
1221,Small town,"[9.868028, 59.732461]",Vestfossen,SN26630
1222,Part of a city,"[9.402753, 58.8684]",Vestheia,SN34190
1223,Part of a city,"[10.92885, 59.970686]",Vestli,SN18270
1224,Small town,"[7.086964, 62.625442]",Vestnes,SN61065
1225,Part of a city,"[7.438106, 58.027719]",Vestnes,SN41090
1226,Small town,"[5.383594, 59.698825]",Vestra Mosterhamn,SN48069
1227,Small town,"[29.332978, 70.111489]",Vestre Jakobselv,SN99090
1228,Part of a city,"[9.642256, 59.144456]",Vestsida,SN30261
1229,Small town,"[10.399097, 59.244956]",Vestskogen,SN27435
1230,Small town,"[7.305086, 58.084286]",Vigeland,SN41740
1231,Small town,"[5.681825, 58.571033]",Vigrestad,SN43895
1232,Small town,"[5.615872, 60.450275]",Vik,SN50360
1233,Small town,"[8.622706, 58.368333]",Vik,SN38140
1234,Small town,"[6.216703, 59.355406]",Vik,SN46090
1235,Small town,"[10.279078, 60.077061]",Vik,SN20280
1236,Small town,"[6.579114, 61.087425]",Vik,SN53055
1237,Small town,"[5.247558, 59.407375]",Vik,SN47262
1238,Small town,"[12.167342, 65.312536]",Vik,SN76260
1239,Part of a city,"[10.731575, 59.913861]",Vika,SN18670
1240,Small town,"[5.905936, 59.498036]",Vikadal,SN46845
1241,Small town,"[5.586872, 60.698514]",Vikanes,SN52360
1242,Small town,"[5.050969, 60.562378]",Vikebø,SN52500
1243,Small town,"[7.964314, 58.252244]",Vikeland,SN39220
1244,Small town,"[9.991069, 59.968378]",Vikersund,SN26500
1245,Small town,"[5.6979, 59.097544]",Vikevåg,SN44605
1246,Small town,"[10.626578, 63.437275]",Vikhammer,SN69035
1247,Small town,"[6.579139, 61.087075]",Vikøyri,SN53055
1248,Part of a city,"[10.698442, 60.772783]",Vindingstad,SN11650
1249,Small town,"[10.444533, 61.105122]",Vingnes,SN12666
1250,Small town,"[10.429603, 61.046044]",Vingrom,SN12666
1251,Small town,"[8.986036, 63.205889]",Vinjeøra,SN65230
1252,Small town,"[9.751342, 61.594964]",Vinstra,SN13510
1253,Small town,"[6.337022, 58.314481]",Vinterstø,SN43090
1254,Small town,"[5.238122, 59.356572]",Visnes,SN47260
1255,Small town,"[6.071078, 62.145997]",Volda,SN59680
1256,Part of a city,"[10.6185, 59.930775]",Voll,SN19510
1257,Part of a city,"[11.040283, 59.960164]",Volla,SN4200
1258,Small town,"[10.485386, 59.807358]",Vollen,SN19670
1259,Small town,"[5.315, 59.357778]",Vormedal,SN47170
1260,Small town,"[5.319322, 59.354586]",Vormedal,SN47170
1261,Small town,"[9.769858, 63.199694]",Vormstad,SN66175
1262,Small town,"[11.415975, 60.153425]",Vormsund,SN4920
1263,Small town,"[6.414744, 60.628694]",Voss,SN51530
1264,Small town,"[6.414744, 60.628694]",Vossavangen,SN51530
1265,Small town,"[13.287486, 66.713628]",Vågaholmen,SN80590
1266,Small town,"[5.522744, 60.043492]",Våge,SN50170
1267,Part of a city,"[7.940875, 58.1166]",Vågsbygda,SN39201
1268,Small town,"[5.216978, 60.722061]",Vågseidet,SN52415
1269,Small town,"[5.047828, 61.937397]",Vågsvåg,SN59250
1270,Small town,"[9.096669, 61.875036]",Vågåmo,SN14610
1271,Small town,"[11.834772, 60.671225]",Vålbyen,SN6350
1272,Small town,"[11.83475, 60.671225]",Våler,SN6350
1273,Part of a city,"[10.788714, 59.907864]",Vålerenga,SN18162
1274,Small town,"[5.402439, 59.062256]",Ydstebøhamn,SN44568
1275,Small town,"[5.439081, 60.458706]",Ytre Arna,SN50830
1276,Small town,"[7.234158, 62.750383]",Ytre Fanbostad,SN62290
1277,Small town,"[4.965253, 61.841308]",Ytre Hauge,SN59210
1278,Part of a city,"[9.208433, 58.717486]",Ytre Søndeled,SN35340
1279,Part of a city,"[29.774533, 70.073636]",Ytrebyen,SN98790
1280,Small town,"[5.265331, 60.291731]",Ytrebygda,SN50480
1281,Small town,"[6.063156, 62.189458]",Ytrehovden,SN59680
1282,Small town,"[4.693147, 61.079608]",Ytrøy,SN56400
1283,Part of a city,"[14.139108, 66.341381]",Ytteren,SN79600
1284,Part of a city,"[13.195431, 65.828739]",Ytterøra,SN77205
1285,Small town,"[12.983958, 67.879594]",Å,SN85655
1286,Small town,"[9.741367, 62.984825]",Å,SN66630
1287,Small town,"[10.224678, 63.960683]",Åfjord,SN71780
1288,Small town,"[9.531819, 59.201917]",Åfosstrand,SN30325
1289,Part of a city,"[14.078894, 66.288394]",Åga,SN79220
1290,Small town,"[5.193192, 59.259778]",Åkra,SN47232
1291,Small town,"[5.203878, 59.253336]",Åkra,SN47230
1292,City or large town,"[5.182025, 59.258519]",Åkrehamn,SN47232
1293,Small town,"[8.560708, 60.630239]",Ål,SN25320
1294,Small town,"[8.647389, 58.504814]",Åleborg,SN36120
1295,City or large town,"[6.158175, 62.474]",Ålesund,SN60951
1296,Small town,"[6.368594, 58.390283]",Ålgård,SN43090
1297,Small town,"[5.852542, 58.764167]",Ålgård,SN44800
1298,Small town,"[6.431636, 60.432744]",Ålvik,SN50040
1299,Small town,"[8.483919, 58.765664]",Åmli,SN36710
1300,Small town,"[9.925606, 59.891956]",Åmot,SN26500
1301,Small town,"[6.962381, 58.316289]",Åmot,SN42285
1302,Small town,"[7.988706, 59.569736]",Åmot,SN33440
1303,Small town,"[6.440258, 58.292486]",Åna-Sira,SN43090
1304,City or large town,"[7.687086, 62.567492]",Åndalsnes,SN61340
1305,Small town,"[10.866086, 60.086328]",Åneby,SN4455
1306,Small town,"[6.161111, 59.152778]",Årdal,SN45675
1307,Small town,"[7.7037, 61.235806]",Årdalstangen,SN54760
1308,Small town,"[11.470047, 60.122369]",Årnes,SN4945
1309,Small town,"[10.510917, 59.7061]",Åros,SN19810
1310,Small town,"[20.531297, 70.193542]",Årvik,SN91731
1311,Small town,"[20.523275, 70.199036]",Årviksand,SN91731
1312,Part of a city,"[7.256989, 62.745292]",Årø,SN62270
1313,Small town,"[10.794636, 59.664717]",Ås,SN17851
1314,Part of a city,"[5.327489, 60.471225]",Åsane,SN50810
1315,Small town,"[11.051742, 63.610642]",Åsen,SN69625
1316,Small town,"[9.538564, 59.194483]",Åsen,SN30325
1317,City or large town,"[10.469483, 59.349383]",Åsgårdstrand,SN27162
1318,Part of a city,"[10.141736, 59.757875]",Åssiden,SN26898
1319,Part of a city,"[10.805461, 59.932072]",Økern,SN18210
1320,Small town,"[22.350703, 70.239361]",Øksfjord,SN92870
1321,Small town,"[5.807897, 59.604211]",Ølen,SN47491
1322,Part of a city,"[10.680353, 59.424086]",Øre,SN17251
1323,Part of a city,"[10.905997, 59.230092]",Ørebekk,SN3050
1324,Part of a city,"[10.682336, 59.429506]",Ørehavna,SN17251
1325,Small town,"[11.660167, 59.480231]",Ørje,SN1950
1326,Small town,"[13.705794, 66.868778]",Ørnes,SN80720
1327,Small town,"[6.129039, 62.199833]",Ørsta,SN59680
1328,Part of a city,"[11.084228, 60.792106]",Østbyen,SN12290
1329,Part of a city,"[14.412203, 67.287281]",Østbyen,SN82310
1330,Part of a city,"[31.117772, 70.367336]",Østervågen,SN98550
1331,Small town,"[10.604378, 59.942956]",Østerås,SN19510
1332,Part of a city,"[10.062458, 59.036778]",Østre Halsen,SN30000
1333,Small town,"[5.293056, 59.28475]",Østremlia,SN47250
1334,Part of a city,"[8.649967, 59.880875]",Øverland,SN31410
1335,Part of a city,"[16.555228, 68.773622]",Øverlandet,SN87640
1336,Small town,"[7.802844, 61.308858]",Øvre Årdal,SN54780
1337,Part of a city,"[12.006247, 60.1964]",Øvrebyen,SN5590
1338,Small town,"[8.773178, 63.690092]",Øya,SN65900
1339,Part of a city,"[10.385706, 63.423833]",Øya,SN68173
1340,Small town,"[7.551561, 58.167436]",Øyslebø,SN41005
1341,Small town,"[6.200744, 60.386675]",Øystese,SN50110
